user_id,evidence_category,primary_failure_type,why_repair_was_required,semantic_repair,formatting_only,raw_word_count,final_word_count,absolute_word_reduction,materially_compressed,operation_types
9,weak_or_ambiguous,extra_forced_negative_or_duplicate_abstention_removed,Raw V2 filled an additional negative/other-viewer slot after the one licensed negative statement; the extra span was removed.,True,False,85,61,24,True,remove_additional_negative_or_abstention_span
323,weak_or_ambiguous,extra_forced_negative_or_duplicate_abstention_removed,Raw V2 filled an additional negative/other-viewer slot after the one licensed negative statement; the extra span was removed.,True,False,130,92,38,True,remove_additional_negative_or_abstention_span
381,no_negative_evidence,formatting_only,Only deterministic prefix/placeholder/grammar normalization was needed.,False,True,79,80,-1,False,format_add_summary_prefix
868,weak_or_ambiguous,extra_forced_negative_or_duplicate_abstention_removed,Raw V2 filled an additional negative/other-viewer slot after the one licensed negative statement; the extra span was removed.,True,False,101,77,24,True,remove_additional_negative_or_abstention_span
987,weak_or_ambiguous,formatting_only,Only deterministic prefix/placeholder/grammar normalization was needed.,False,True,78,79,-1,False,format_add_summary_prefix
1412,weak_or_ambiguous,extra_forced_negative_or_duplicate_abstention_removed,Raw V2 filled an additional negative/other-viewer slot after the one licensed negative statement; the extra span was removed.,True,False,119,75,44,True,remove_additional_negative_or_abstention_span
1432,weak_or_ambiguous,extra_forced_negative_or_duplicate_abstention_removed,Raw V2 filled an additional negative/other-viewer slot after the one licensed negative statement; the extra span was removed.,True,False,149,117,32,True,format_add_summary_prefix;remove_additional_negative_or_abstention_span
1566,weak_or_ambiguous,extra_forced_negative_or_duplicate_abstention_removed,Raw V2 filled an additional negative/other-viewer slot after the one licensed negative statement; the extra span was removed.,True,False,141,102,39,True,format_add_summary_prefix;remove_additional_negative_or_abstention_span
1966,weak_or_ambiguous,extra_forced_negative_or_duplicate_abstention_removed,Raw V2 filled an additional negative/other-viewer slot after the one licensed negative statement; the extra span was removed.,True,False,123,83,40,True,remove_additional_negative_or_abstention_span
2017,no_negative_evidence,extra_forced_negative_or_duplicate_abstention_removed,Raw V2 filled an additional negative/other-viewer slot after the one licensed negative statement; the extra span was removed.,True,False,107,71,36,True,format_add_summary_prefix;remove_additional_negative_or_abstention_span
2184,weak_or_ambiguous,extra_forced_negative_or_duplicate_abstention_removed,Raw V2 filled an additional negative/other-viewer slot after the one licensed negative statement; the extra span was removed.,True,False,102,73,29,True,remove_additional_negative_or_abstention_span
3086,weak_or_ambiguous,unsupported_negative_claim_neutralized_no_supported_genre,Raw V2 asserted a negative preference although deterministic evidence was weak_or_ambiguous and supported no negative genre.,True,False,114,88,26,True,grounding_narrow_or_neutralize;remove_additional_negative_or_abstention_span
3091,weak_or_ambiguous,unsupported_negative_claim_neutralized_no_supported_genre,Raw V2 asserted a negative preference although deterministic evidence was weak_or_ambiguous and supported no negative genre.,True,False,128,70,58,True,grounding_narrow_or_neutralize;remove_additional_negative_or_abstention_span
3285,supported_negative,overbroad_negative_claim_narrowed_to_supported_genres,"Raw V2 made a negative claim broader than the licensed genre evidence; the repair retained only ['Comedy', 'Romance', 'Sci-Fi'].",True,False,122,70,52,True,grounding_narrow_or_neutralize;remove_additional_negative_or_abstention_span
3400,weak_or_ambiguous,extra_forced_negative_or_duplicate_abstention_removed,Raw V2 filled an additional negative/other-viewer slot after the one licensed negative statement; the extra span was removed.,True,False,152,125,27,False,remove_additional_negative_or_abstention_span
3795,weak_or_ambiguous,extra_forced_negative_or_duplicate_abstention_removed,Raw V2 filled an additional negative/other-viewer slot after the one licensed negative statement; the extra span was removed.,True,False,111,74,37,True,format_malformed_abstention_leadin;remove_additional_negative_or_abstention_span
3842,weak_or_ambiguous,extra_forced_negative_or_duplicate_abstention_removed,Raw V2 filled an additional negative/other-viewer slot after the one licensed negative statement; the extra span was removed.,True,False,87,77,10,False,remove_additional_negative_or_abstention_span
4235,weak_or_ambiguous,extra_forced_negative_or_duplicate_abstention_removed,Raw V2 filled an additional negative/other-viewer slot after the one licensed negative statement; the extra span was removed.,True,False,113,69,44,True,remove_additional_negative_or_abstention_span
5112,supported_negative,overbroad_negative_claim_narrowed_to_supported_genres,"Raw V2 made a negative claim broader than the licensed genre evidence; the repair retained only ['Action', 'Adventure', 'Children', 'Romance'].",True,False,89,61,28,True,format_add_summary_prefix;grounding_narrow_or_neutralize;remove_additional_negative_or_abstention_span
5151,weak_or_ambiguous,extra_forced_negative_or_duplicate_abstention_removed,Raw V2 filled an additional negative/other-viewer slot after the one licensed negative statement; the extra span was removed.,True,False,127,80,47,True,remove_additional_negative_or_abstention_span
5282,supported_negative,inappropriate_abstention_despite_supported_negative_genre,Raw V2 abstained even though deterministic repeated rating evidence supported the narrow negative genre set ['Sci-Fi'].,True,False,105,105,0,False,abstention_to_supported_negative
5356,weak_or_ambiguous,extra_forced_negative_or_duplicate_abstention_removed,Raw V2 filled an additional negative/other-viewer slot after the one licensed negative statement; the extra span was removed.,True,False,118,99,19,False,remove_additional_negative_or_abstention_span
5368,supported_negative,inappropriate_abstention_despite_supported_negative_genre,"Raw V2 abstained even though deterministic repeated rating evidence supported the narrow negative genre set ['Action', 'Adventure', 'Children', 'Fantasy', 'Sci-Fi'].",True,False,118,85,33,True,abstention_to_supported_negative;remove_additional_negative_or_abstention_span
5541,no_negative_evidence,extra_forced_negative_or_duplicate_abstention_removed,Raw V2 filled an additional negative/other-viewer slot after the one licensed negative statement; the extra span was removed.,True,False,178,147,31,False,format_malformed_abstention_leadin;remove_additional_negative_or_abstention_span
5619,supported_negative,overbroad_negative_claim_narrowed_to_supported_genres,"Raw V2 made a negative claim broader than the licensed genre evidence; the repair retained only ['Action', 'War'].",True,False,136,97,39,True,grounding_narrow_or_neutralize;remove_additional_negative_or_abstention_span
6045,weak_or_ambiguous,extra_forced_negative_or_duplicate_abstention_removed,Raw V2 filled an additional negative/other-viewer slot after the one licensed negative statement; the extra span was removed.,True,False,90,58,32,True,format_add_summary_prefix;remove_additional_negative_or_abstention_span
6547,weak_or_ambiguous,unsupported_negative_claim_neutralized_no_supported_genre,Raw V2 asserted a negative preference although deterministic evidence was weak_or_ambiguous and supported no negative genre.,True,False,112,77,35,True,grounding_narrow_or_neutralize;remove_additional_negative_or_abstention_span
6769,supported_negative,inappropriate_abstention_despite_supported_negative_genre,"Raw V2 abstained even though deterministic repeated rating evidence supported the narrow negative genre set ['Romance', 'Sci-Fi'].",True,False,132,94,38,True,abstention_to_supported_negative;remove_additional_negative_or_abstention_span
6941,weak_or_ambiguous,extra_forced_negative_or_duplicate_abstention_removed,Raw V2 filled an additional negative/other-viewer slot after the one licensed negative statement; the extra span was removed.,True,False,95,69,26,True,format_add_summary_prefix;remove_additional_negative_or_abstention_span
6945,weak_or_ambiguous,extra_forced_negative_or_duplicate_abstention_removed,Raw V2 filled an additional negative/other-viewer slot after the one licensed negative statement; the extra span was removed.,True,False,92,78,14,False,remove_additional_negative_or_abstention_span
7752,weak_or_ambiguous,unsupported_negative_claim_neutralized_no_supported_genre,Raw V2 asserted a negative preference although deterministic evidence was weak_or_ambiguous and supported no negative genre.,True,False,115,78,37,True,grounding_narrow_or_neutralize;remove_additional_negative_or_abstention_span
7830,weak_or_ambiguous,extra_forced_negative_or_duplicate_abstention_removed,Raw V2 filled an additional negative/other-viewer slot after the one licensed negative statement; the extra span was removed.,True,False,148,102,46,True,remove_additional_negative_or_abstention_span
7998,no_negative_evidence,extra_forced_negative_or_duplicate_abstention_removed,Raw V2 filled an additional negative/other-viewer slot after the one licensed negative statement; the extra span was removed.,True,False,125,83,42,True,format_malformed_abstention_leadin;remove_additional_negative_or_abstention_span
8167,weak_or_ambiguous,extra_forced_negative_or_duplicate_abstention_removed,Raw V2 filled an additional negative/other-viewer slot after the one licensed negative statement; the extra span was removed.,True,False,67,56,11,False,remove_additional_negative_or_abstention_span
8252,supported_negative,inappropriate_abstention_despite_supported_negative_genre,Raw V2 abstained even though deterministic repeated rating evidence supported the narrow negative genre set ['Comedy'].,True,False,120,83,37,True,abstention_to_supported_negative;remove_additional_negative_or_abstention_span
8475,no_negative_evidence,extra_forced_negative_or_duplicate_abstention_removed,Raw V2 filled an additional negative/other-viewer slot after the one licensed negative statement; the extra span was removed.,True,False,95,72,23,True,format_malformed_abstention_leadin;remove_additional_negative_or_abstention_span
8742,supported_negative,inappropriate_abstention_despite_supported_negative_genre,"Raw V2 abstained even though deterministic repeated rating evidence supported the narrow negative genre set ['Action', 'Comedy', 'Crime', 'Drama', 'Thriller'].",True,False,112,78,34,True,format_add_summary_prefix;abstention_to_supported_negative;remove_additional_negative_or_abstention_span
8983,no_negative_evidence,extra_forced_negative_or_duplicate_abstention_removed,Raw V2 filled an additional negative/other-viewer slot after the one licensed negative statement; the extra span was removed.,True,False,125,87,38,True,format_add_summary_prefix;remove_additional_negative_or_abstention_span
9099,supported_negative,inappropriate_abstention_despite_supported_negative_genre,"Raw V2 abstained even though deterministic repeated rating evidence supported the narrow negative genre set ['Comedy', 'Fantasy'].",True,False,89,79,10,False,abstention_to_supported_negative;remove_additional_negative_or_abstention_span
9450,supported_negative,overbroad_negative_claim_narrowed_to_supported_genres,"Raw V2 made a negative claim broader than the licensed genre evidence; the repair retained only ['Horror', 'Thriller'].",True,False,111,76,35,True,grounding_narrow_or_neutralize;remove_additional_negative_or_abstention_span
9865,weak_or_ambiguous,extra_forced_negative_or_duplicate_abstention_removed,Raw V2 filled an additional negative/other-viewer slot after the one licensed negative statement; the extra span was removed.,True,False,127,99,28,True,remove_additional_negative_or_abstention_span
10033,weak_or_ambiguous,extra_forced_negative_or_duplicate_abstention_removed,Raw V2 filled an additional negative/other-viewer slot after the one licensed negative statement; the extra span was removed.,True,False,83,73,10,False,remove_additional_negative_or_abstention_span
10262,weak_or_ambiguous,unsupported_negative_claim_neutralized_no_supported_genre,Raw V2 asserted a negative preference although deterministic evidence was weak_or_ambiguous and supported no negative genre.,True,False,142,91,51,True,grounding_narrow_or_neutralize;remove_additional_negative_or_abstention_span
10376,weak_or_ambiguous,extra_forced_negative_or_duplicate_abstention_removed,Raw V2 filled an additional negative/other-viewer slot after the one licensed negative statement; the extra span was removed.,True,False,106,93,13,False,remove_additional_negative_or_abstention_span
10450,weak_or_ambiguous,extra_forced_negative_or_duplicate_abstention_removed,Raw V2 filled an additional negative/other-viewer slot after the one licensed negative statement; the extra span was removed.,True,False,92,69,23,True,remove_additional_negative_or_abstention_span
10733,weak_or_ambiguous,extra_forced_negative_or_duplicate_abstention_removed,Raw V2 filled an additional negative/other-viewer slot after the one licensed negative statement; the extra span was removed.,True,False,124,81,43,True,remove_additional_negative_or_abstention_span
11270,weak_or_ambiguous,extra_forced_negative_or_duplicate_abstention_removed,Raw V2 filled an additional negative/other-viewer slot after the one licensed negative statement; the extra span was removed.,True,False,130,75,55,True,remove_additional_negative_or_abstention_span
11574,weak_or_ambiguous,extra_forced_negative_or_duplicate_abstention_removed,Raw V2 filled an additional negative/other-viewer slot after the one licensed negative statement; the extra span was removed.,True,False,111,80,31,True,format_add_summary_prefix;remove_additional_negative_or_abstention_span
11707,weak_or_ambiguous,unsupported_negative_claim_neutralized_no_supported_genre,Raw V2 asserted a negative preference although deterministic evidence was weak_or_ambiguous and supported no negative genre.,True,False,127,86,41,True,grounding_narrow_or_neutralize;remove_additional_negative_or_abstention_span
11741,no_negative_evidence,extra_forced_negative_or_duplicate_abstention_removed,Raw V2 filled an additional negative/other-viewer slot after the one licensed negative statement; the extra span was removed.,True,False,110,86,24,True,format_malformed_abstention_leadin;remove_additional_negative_or_abstention_span
11967,weak_or_ambiguous,unsupported_negative_claim_neutralized_no_supported_genre,Raw V2 asserted a negative preference although deterministic evidence was weak_or_ambiguous and supported no negative genre.,True,False,144,103,41,True,grounding_narrow_or_neutralize;remove_additional_negative_or_abstention_span
12296,weak_or_ambiguous,extra_forced_negative_or_duplicate_abstention_removed,Raw V2 filled an additional negative/other-viewer slot after the one licensed negative statement; the extra span was removed.,True,False,102,70,32,True,remove_additional_negative_or_abstention_span
13279,supported_negative,overbroad_negative_claim_narrowed_to_supported_genres,"Raw V2 made a negative claim broader than the licensed genre evidence; the repair retained only ['Action', 'Adventure', 'Animation', 'Children', 'Comedy', 'Crime', 'Drama', 'Fantasy', 'Horror', 'IMAX', 'Mystery', 'Romance', 'Sci-Fi', 'Thriller'].",True,False,79,80,-1,False,grounding_narrow_or_neutralize;remove_additional_negative_or_abstention_span
13398,weak_or_ambiguous,extra_forced_negative_or_duplicate_abstention_removed,Raw V2 filled an additional negative/other-viewer slot after the one licensed negative statement; the extra span was removed.,True,False,105,81,24,True,remove_additional_negative_or_abstention_span
13549,supported_negative,overbroad_negative_claim_narrowed_to_supported_genres,Raw V2 made a negative claim broader than the licensed genre evidence; the repair retained only ['Fantasy'].,True,False,101,84,17,False,grounding_narrow_or_neutralize;remove_additional_negative_or_abstention_span
13669,weak_or_ambiguous,extra_forced_negative_or_duplicate_abstention_removed,Raw V2 filled an additional negative/other-viewer slot after the one licensed negative statement; the extra span was removed.,True,False,131,88,43,True,remove_additional_negative_or_abstention_span;remove_additional_negative_or_abstention_span
13837,weak_or_ambiguous,extra_forced_negative_or_duplicate_abstention_removed,Raw V2 filled an additional negative/other-viewer slot after the one licensed negative statement; the extra span was removed.,True,False,100,74,26,True,format_add_summary_prefix;remove_additional_negative_or_abstention_span
14060,supported_negative,inappropriate_abstention_despite_supported_negative_genre,"Raw V2 abstained even though deterministic repeated rating evidence supported the narrow negative genre set ['Action', 'Adventure', 'Sci-Fi'].",True,False,129,90,39,True,abstention_to_supported_negative;remove_additional_negative_or_abstention_span
14173,weak_or_ambiguous,extra_forced_negative_or_duplicate_abstention_removed,Raw V2 filled an additional negative/other-viewer slot after the one licensed negative statement; the extra span was removed.,True,False,182,116,66,True,remove_additional_negative_or_abstention_span;remove_additional_negative_or_abstention_span
14185,supported_negative,overbroad_negative_claim_narrowed_to_supported_genres,Raw V2 made a negative claim broader than the licensed genre evidence; the repair retained only ['IMAX'].,True,False,123,97,26,True,grounding_narrow_or_neutralize;remove_additional_negative_or_abstention_span
14922,weak_or_ambiguous,extra_forced_negative_or_duplicate_abstention_removed,Raw V2 filled an additional negative/other-viewer slot after the one licensed negative statement; the extra span was removed.,True,False,116,88,28,True,remove_additional_negative_or_abstention_span
15072,weak_or_ambiguous,extra_forced_negative_or_duplicate_abstention_removed,Raw V2 filled an additional negative/other-viewer slot after the one licensed negative statement; the extra span was removed.,True,False,132,90,42,True,remove_additional_negative_or_abstention_span
15125,weak_or_ambiguous,extra_forced_negative_or_duplicate_abstention_removed,Raw V2 filled an additional negative/other-viewer slot after the one licensed negative statement; the extra span was removed.,True,False,155,102,53,True,remove_additional_negative_or_abstention_span
15230,supported_negative,overbroad_negative_claim_narrowed_to_supported_genres,Raw V2 made a negative claim broader than the licensed genre evidence; the repair retained only ['Comedy'].,True,False,99,60,39,True,grounding_narrow_or_neutralize;remove_additional_negative_or_abstention_span
15246,supported_negative,overbroad_negative_claim_narrowed_to_supported_genres,"Raw V2 made a negative claim broader than the licensed genre evidence; the repair retained only ['Adventure', 'Comedy', 'Drama', 'Romance', 'Thriller'].",True,False,127,100,27,True,grounding_narrow_or_neutralize;remove_additional_negative_or_abstention_span
15409,weak_or_ambiguous,extra_forced_negative_or_duplicate_abstention_removed,Raw V2 filled an additional negative/other-viewer slot after the one licensed negative statement; the extra span was removed.,True,False,131,94,37,True,remove_additional_negative_or_abstention_span
15579,no_negative_evidence,unsupported_negative_claim_neutralized_no_supported_genre,Raw V2 asserted a negative preference although deterministic evidence was no_negative_evidence and supported no negative genre.,True,False,134,97,37,True,grounding_narrow_or_neutralize;remove_additional_negative_or_abstention_span
15732,no_negative_evidence,extra_forced_negative_or_duplicate_abstention_removed,Raw V2 filled an additional negative/other-viewer slot after the one licensed negative statement; the extra span was removed.,True,False,109,78,31,True,remove_additional_negative_or_abstention_span
15919,weak_or_ambiguous,unsupported_negative_claim_neutralized_no_supported_genre,Raw V2 asserted a negative preference although deterministic evidence was weak_or_ambiguous and supported no negative genre.,True,False,119,73,46,True,grounding_narrow_or_neutralize;remove_additional_negative_or_abstention_span
16272,weak_or_ambiguous,unsupported_negative_claim_neutralized_no_supported_genre,Raw V2 asserted a negative preference although deterministic evidence was weak_or_ambiguous and supported no negative genre.,True,False,113,74,39,True,grounding_narrow_or_neutralize;remove_additional_negative_or_abstention_span
16434,supported_negative,overbroad_negative_claim_narrowed_to_supported_genres,"Raw V2 made a negative claim broader than the licensed genre evidence; the repair retained only ['Crime', 'Romance', 'Thriller'].",True,False,126,72,54,True,grounding_narrow_or_neutralize;remove_additional_negative_or_abstention_span
16533,weak_or_ambiguous,extra_forced_negative_or_duplicate_abstention_removed,Raw V2 filled an additional negative/other-viewer slot after the one licensed negative statement; the extra span was removed.,True,False,130,86,44,True,remove_additional_negative_or_abstention_span
16594,weak_or_ambiguous,extra_forced_negative_or_duplicate_abstention_removed,Raw V2 filled an additional negative/other-viewer slot after the one licensed negative statement; the extra span was removed.,True,False,125,87,38,True,format_add_summary_prefix;remove_additional_negative_or_abstention_span
16654,no_negative_evidence,unsupported_negative_claim_neutralized_no_supported_genre,Raw V2 asserted a negative preference although deterministic evidence was no_negative_evidence and supported no negative genre.,True,False,142,122,20,False,grounding_narrow_or_neutralize
17302,weak_or_ambiguous,extra_forced_negative_or_duplicate_abstention_removed,Raw V2 filled an additional negative/other-viewer slot after the one licensed negative statement; the extra span was removed.,True,False,115,87,28,True,remove_additional_negative_or_abstention_span
17763,no_negative_evidence,formatting_only,Only deterministic prefix/placeholder/grammar normalization was needed.,False,True,85,80,5,False,format_malformed_abstention_leadin
17948,weak_or_ambiguous,unsupported_negative_claim_neutralized_no_supported_genre,Raw V2 asserted a negative preference although deterministic evidence was weak_or_ambiguous and supported no negative genre.,True,False,124,77,47,True,grounding_narrow_or_neutralize;remove_additional_negative_or_abstention_span
18098,weak_or_ambiguous,unsupported_negative_claim_neutralized_no_supported_genre,Raw V2 asserted a negative preference although deterministic evidence was weak_or_ambiguous and supported no negative genre.,True,False,121,75,46,True,grounding_narrow_or_neutralize;remove_additional_negative_or_abstention_span
18193,weak_or_ambiguous,extra_forced_negative_or_duplicate_abstention_removed,Raw V2 filled an additional negative/other-viewer slot after the one licensed negative statement; the extra span was removed.,True,False,107,83,24,True,remove_additional_negative_or_abstention_span
18291,weak_or_ambiguous,extra_forced_negative_or_duplicate_abstention_removed,Raw V2 filled an additional negative/other-viewer slot after the one licensed negative statement; the extra span was removed.,True,False,124,81,43,True,remove_additional_negative_or_abstention_span
18440,weak_or_ambiguous,extra_forced_negative_or_duplicate_abstention_removed,Raw V2 filled an additional negative/other-viewer slot after the one licensed negative statement; the extra span was removed.,True,False,94,72,22,True,remove_additional_negative_or_abstention_span
18515,supported_negative,overbroad_negative_claim_narrowed_to_supported_genres,"Raw V2 made a negative claim broader than the licensed genre evidence; the repair retained only ['Adventure', 'Sci-Fi'].",True,False,136,77,59,True,grounding_narrow_or_neutralize;remove_additional_negative_or_abstention_span
18568,weak_or_ambiguous,formatting_only,Only deterministic prefix/placeholder/grammar normalization was needed.,False,True,122,117,5,False,format_malformed_abstention_leadin
18673,weak_or_ambiguous,extra_forced_negative_or_duplicate_abstention_removed,Raw V2 filled an additional negative/other-viewer slot after the one licensed negative statement; the extra span was removed.,True,False,79,66,13,False,remove_additional_negative_or_abstention_span
19850,weak_or_ambiguous,formatting_only,Only deterministic prefix/placeholder/grammar normalization was needed.,False,True,145,140,5,False,format_malformed_abstention_leadin
19859,weak_or_ambiguous,extra_forced_negative_or_duplicate_abstention_removed,Raw V2 filled an additional negative/other-viewer slot after the one licensed negative statement; the extra span was removed.,True,False,102,81,21,True,remove_additional_negative_or_abstention_span
19873,weak_or_ambiguous,unsupported_negative_claim_neutralized_no_supported_genre,Raw V2 asserted a negative preference although deterministic evidence was weak_or_ambiguous and supported no negative genre.,True,False,113,97,16,False,grounding_narrow_or_neutralize
19878,weak_or_ambiguous,extra_forced_negative_or_duplicate_abstention_removed,Raw V2 filled an additional negative/other-viewer slot after the one licensed negative statement; the extra span was removed.,True,False,101,83,18,False,remove_additional_negative_or_abstention_span
20005,weak_or_ambiguous,extra_forced_negative_or_duplicate_abstention_removed,Raw V2 filled an additional negative/other-viewer slot after the one licensed negative statement; the extra span was removed.,True,False,113,80,33,True,format_add_summary_prefix;remove_additional_negative_or_abstention_span
20458,weak_or_ambiguous,extra_forced_negative_or_duplicate_abstention_removed,Raw V2 filled an additional negative/other-viewer slot after the one licensed negative statement; the extra span was removed.,True,False,118,80,38,True,remove_additional_negative_or_abstention_span
20568,weak_or_ambiguous,extra_forced_negative_or_duplicate_abstention_removed,Raw V2 filled an additional negative/other-viewer slot after the one licensed negative statement; the extra span was removed.,True,False,104,76,28,True,format_add_summary_prefix;remove_additional_negative_or_abstention_span
20569,weak_or_ambiguous,extra_forced_negative_or_duplicate_abstention_removed,Raw V2 filled an additional negative/other-viewer slot after the one licensed negative statement; the extra span was removed.,True,False,103,77,26,True,remove_additional_negative_or_abstention_span
20891,weak_or_ambiguous,extra_forced_negative_or_duplicate_abstention_removed,Raw V2 filled an additional negative/other-viewer slot after the one licensed negative statement; the extra span was removed.,True,False,122,85,37,True,format_malformed_abstention_leadin;remove_additional_negative_or_abstention_span
21057,weak_or_ambiguous,extra_forced_negative_or_duplicate_abstention_removed,Raw V2 filled an additional negative/other-viewer slot after the one licensed negative statement; the extra span was removed.,True,False,121,68,53,True,format_add_summary_prefix;remove_additional_negative_or_abstention_span
21200,weak_or_ambiguous,extra_forced_negative_or_duplicate_abstention_removed,Raw V2 filled an additional negative/other-viewer slot after the one licensed negative statement; the extra span was removed.,True,False,179,131,48,True,format_malformed_abstention_leadin;remove_additional_negative_or_abstention_span
21372,weak_or_ambiguous,extra_forced_negative_or_duplicate_abstention_removed,Raw V2 filled an additional negative/other-viewer slot after the one licensed negative statement; the extra span was removed.,True,False,121,98,23,False,remove_additional_negative_or_abstention_span
21676,supported_negative,inappropriate_abstention_despite_supported_negative_genre,"Raw V2 abstained even though deterministic repeated rating evidence supported the narrow negative genre set ['Action', 'Adventure', 'Romance', 'Sci-Fi'].",True,False,139,102,37,True,abstention_to_supported_negative;remove_additional_negative_or_abstention_span
21745,weak_or_ambiguous,unsupported_negative_claim_neutralized_no_supported_genre,Raw V2 asserted a negative preference although deterministic evidence was weak_or_ambiguous and supported no negative genre.,True,False,131,96,35,True,grounding_narrow_or_neutralize;remove_additional_negative_or_abstention_span
22085,weak_or_ambiguous,extra_forced_negative_or_duplicate_abstention_removed,Raw V2 filled an additional negative/other-viewer slot after the one licensed negative statement; the extra span was removed.,True,False,123,82,41,True,remove_additional_negative_or_abstention_span
22112,weak_or_ambiguous,extra_forced_negative_or_duplicate_abstention_removed,Raw V2 filled an additional negative/other-viewer slot after the one licensed negative statement; the extra span was removed.,True,False,113,84,29,True,remove_additional_negative_or_abstention_span
22543,weak_or_ambiguous,extra_forced_negative_or_duplicate_abstention_removed,Raw V2 filled an additional negative/other-viewer slot after the one licensed negative statement; the extra span was removed.,True,False,99,75,24,True,format_add_summary_prefix;remove_additional_negative_or_abstention_span
22601,supported_negative,inappropriate_abstention_despite_supported_negative_genre,"Raw V2 abstained even though deterministic repeated rating evidence supported the narrow negative genre set ['Action', 'Adventure', 'Crime', 'Horror', 'Sci-Fi', 'Thriller'].",True,False,118,84,34,True,abstention_to_supported_negative;remove_additional_negative_or_abstention_span
22756,supported_negative,overbroad_negative_claim_narrowed_to_supported_genres,Raw V2 made a negative claim broader than the licensed genre evidence; the repair retained only ['Adventure'].,True,False,150,79,71,True,grounding_narrow_or_neutralize;remove_additional_negative_or_abstention_span
22842,weak_or_ambiguous,extra_forced_negative_or_duplicate_abstention_removed,Raw V2 filled an additional negative/other-viewer slot after the one licensed negative statement; the extra span was removed.,True,False,99,88,11,False,remove_additional_negative_or_abstention_span
23272,weak_or_ambiguous,formatting_only,Only deterministic prefix/placeholder/grammar normalization was needed.,False,True,78,79,-1,False,format_add_summary_prefix
23288,weak_or_ambiguous,extra_forced_negative_or_duplicate_abstention_removed,Raw V2 filled an additional negative/other-viewer slot after the one licensed negative statement; the extra span was removed.,True,False,142,103,39,True,remove_additional_negative_or_abstention_span
23295,supported_negative,overbroad_negative_claim_narrowed_to_supported_genres,"Raw V2 made a negative claim broader than the licensed genre evidence; the repair retained only ['Crime', 'Horror', 'Romance', 'Sci-Fi', 'Thriller'].",True,False,121,76,45,True,grounding_narrow_or_neutralize;remove_additional_negative_or_abstention_span
23305,weak_or_ambiguous,unsupported_negative_claim_neutralized_no_supported_genre,Raw V2 asserted a negative preference although deterministic evidence was weak_or_ambiguous and supported no negative genre.,True,False,131,76,55,True,grounding_narrow_or_neutralize;remove_additional_negative_or_abstention_span
23360,weak_or_ambiguous,unsupported_negative_claim_neutralized_no_supported_genre,Raw V2 asserted a negative preference although deterministic evidence was weak_or_ambiguous and supported no negative genre.,True,False,109,72,37,True,grounding_narrow_or_neutralize;remove_additional_negative_or_abstention_span
23420,weak_or_ambiguous,unsupported_negative_claim_neutralized_no_supported_genre,Raw V2 asserted a negative preference although deterministic evidence was weak_or_ambiguous and supported no negative genre.,True,False,125,78,47,True,grounding_narrow_or_neutralize;remove_additional_negative_or_abstention_span
23878,weak_or_ambiguous,extra_forced_negative_or_duplicate_abstention_removed,Raw V2 filled an additional negative/other-viewer slot after the one licensed negative statement; the extra span was removed.,True,False,125,98,27,True,remove_additional_negative_or_abstention_span
23913,weak_or_ambiguous,unsupported_negative_claim_neutralized_no_supported_genre,Raw V2 asserted a negative preference although deterministic evidence was weak_or_ambiguous and supported no negative genre.,True,False,104,72,32,True,grounding_narrow_or_neutralize
24136,supported_negative,overbroad_negative_claim_narrowed_to_supported_genres,"Raw V2 made a negative claim broader than the licensed genre evidence; the repair retained only ['Action', 'Adventure', 'Animation', 'Children', 'Crime', 'Fantasy', 'Horror', 'IMAX', 'Mystery', 'Thriller', 'War', 'Western'].",True,False,99,87,12,False,format_add_summary_prefix;grounding_narrow_or_neutralize;remove_additional_negative_or_abstention_span
24584,supported_negative,overbroad_negative_claim_narrowed_to_supported_genres,"Raw V2 made a negative claim broader than the licensed genre evidence; the repair retained only ['Action', 'Horror'].",True,False,158,113,45,True,grounding_narrow_or_neutralize;remove_additional_negative_or_abstention_span
24796,supported_negative,inappropriate_abstention_despite_supported_negative_genre,"Raw V2 abstained even though deterministic repeated rating evidence supported the narrow negative genre set ['Action', 'Comedy', 'Crime', 'Drama', 'Fantasy', 'Horror', 'Mystery', 'Romance', 'Sci-Fi', 'Thriller'].",True,False,98,72,26,True,format_add_summary_prefix;abstention_to_supported_negative;remove_additional_negative_or_abstention_span
25116,weak_or_ambiguous,extra_forced_negative_or_duplicate_abstention_removed,Raw V2 filled an additional negative/other-viewer slot after the one licensed negative statement; the extra span was removed.,True,False,123,93,30,True,format_add_summary_prefix;remove_additional_negative_or_abstention_span
25371,supported_negative,inappropriate_abstention_despite_supported_negative_genre,"Raw V2 abstained even though deterministic repeated rating evidence supported the narrow negative genre set ['Action', 'Adventure'].",True,False,152,99,53,True,abstention_to_supported_negative;remove_additional_negative_or_abstention_span
25893,weak_or_ambiguous,extra_forced_negative_or_duplicate_abstention_removed,Raw V2 filled an additional negative/other-viewer slot after the one licensed negative statement; the extra span was removed.,True,False,117,94,23,False,remove_additional_negative_or_abstention_span
25933,weak_or_ambiguous,extra_forced_negative_or_duplicate_abstention_removed,Raw V2 filled an additional negative/other-viewer slot after the one licensed negative statement; the extra span was removed.,True,False,156,111,45,True,remove_additional_negative_or_abstention_span
26081,weak_or_ambiguous,unsupported_negative_claim_neutralized_no_supported_genre,Raw V2 asserted a negative preference although deterministic evidence was weak_or_ambiguous and supported no negative genre.,True,False,128,85,43,True,format_add_summary_prefix;grounding_narrow_or_neutralize;remove_additional_negative_or_abstention_span
26161,weak_or_ambiguous,extra_forced_negative_or_duplicate_abstention_removed,Raw V2 filled an additional negative/other-viewer slot after the one licensed negative statement; the extra span was removed.,True,False,143,117,26,False,remove_additional_negative_or_abstention_span
26328,weak_or_ambiguous,unsupported_negative_claim_neutralized_no_supported_genre,Raw V2 asserted a negative preference although deterministic evidence was weak_or_ambiguous and supported no negative genre.,True,False,126,69,57,True,grounding_narrow_or_neutralize;remove_additional_negative_or_abstention_span
26413,supported_negative,inappropriate_abstention_despite_supported_negative_genre,"Raw V2 abstained even though deterministic repeated rating evidence supported the narrow negative genre set ['Comedy', 'Fantasy'].",True,False,79,82,-3,False,format_add_summary_prefix;abstention_to_supported_negative
26629,weak_or_ambiguous,unsupported_negative_claim_neutralized_no_supported_genre,Raw V2 asserted a negative preference although deterministic evidence was weak_or_ambiguous and supported no negative genre.,True,False,117,72,45,True,grounding_narrow_or_neutralize;remove_additional_negative_or_abstention_span
26972,supported_negative,overbroad_negative_claim_narrowed_to_supported_genres,"Raw V2 made a negative claim broader than the licensed genre evidence; the repair retained only ['Children', 'Fantasy'].",True,False,101,72,29,True,grounding_narrow_or_neutralize;remove_additional_negative_or_abstention_span
27915,weak_or_ambiguous,unsupported_negative_claim_neutralized_no_supported_genre,Raw V2 asserted a negative preference although deterministic evidence was weak_or_ambiguous and supported no negative genre.,True,False,171,130,41,True,grounding_narrow_or_neutralize;remove_additional_negative_or_abstention_span
27920,weak_or_ambiguous,extra_forced_negative_or_duplicate_abstention_removed,Raw V2 filled an additional negative/other-viewer slot after the one licensed negative statement; the extra span was removed.,True,False,132,93,39,True,remove_additional_negative_or_abstention_span
28018,weak_or_ambiguous,extra_forced_negative_or_duplicate_abstention_removed,Raw V2 filled an additional negative/other-viewer slot after the one licensed negative statement; the extra span was removed.,True,False,145,95,50,True,format_add_summary_prefix;remove_additional_negative_or_abstention_span
28033,no_negative_evidence,formatting_only,Only deterministic prefix/placeholder/grammar normalization was needed.,False,True,74,69,5,False,format_malformed_abstention_leadin
28207,weak_or_ambiguous,extra_forced_negative_or_duplicate_abstention_removed,Raw V2 filled an additional negative/other-viewer slot after the one licensed negative statement; the extra span was removed.,True,False,89,61,28,True,format_add_summary_prefix;remove_additional_negative_or_abstention_span
28538,weak_or_ambiguous,extra_forced_negative_or_duplicate_abstention_removed,Raw V2 filled an additional negative/other-viewer slot after the one licensed negative statement; the extra span was removed.,True,False,142,110,32,True,remove_additional_negative_or_abstention_span
28771,supported_negative,overbroad_negative_claim_narrowed_to_supported_genres,"Raw V2 made a negative claim broader than the licensed genre evidence; the repair retained only ['Animation', 'Children', 'Comedy'].",True,False,103,87,16,False,grounding_narrow_or_neutralize;remove_additional_negative_or_abstention_span
28849,weak_or_ambiguous,extra_forced_negative_or_duplicate_abstention_removed,Raw V2 filled an additional negative/other-viewer slot after the one licensed negative statement; the extra span was removed.,True,False,123,84,39,True,remove_additional_negative_or_abstention_span
29413,weak_or_ambiguous,unsupported_negative_claim_neutralized_no_supported_genre,Raw V2 asserted a negative preference although deterministic evidence was weak_or_ambiguous and supported no negative genre.,True,False,101,71,30,True,grounding_narrow_or_neutralize;remove_additional_negative_or_abstention_span
29437,no_negative_evidence,extra_forced_negative_or_duplicate_abstention_removed,Raw V2 filled an additional negative/other-viewer slot after the one licensed negative statement; the extra span was removed.,True,False,130,89,41,True,format_malformed_abstention_leadin;remove_additional_negative_or_abstention_span
29484,no_negative_evidence,extra_forced_negative_or_duplicate_abstention_removed,Raw V2 filled an additional negative/other-viewer slot after the one licensed negative statement; the extra span was removed.,True,False,115,83,32,True,remove_additional_negative_or_abstention_span
29573,weak_or_ambiguous,extra_forced_negative_or_duplicate_abstention_removed,Raw V2 filled an additional negative/other-viewer slot after the one licensed negative statement; the extra span was removed.,True,False,127,79,48,True,remove_additional_negative_or_abstention_span
29863,weak_or_ambiguous,extra_forced_negative_or_duplicate_abstention_removed,Raw V2 filled an additional negative/other-viewer slot after the one licensed negative statement; the extra span was removed.,True,False,112,73,39,True,format_add_summary_prefix;remove_additional_negative_or_abstention_span
30028,no_negative_evidence,extra_forced_negative_or_duplicate_abstention_removed,Raw V2 filled an additional negative/other-viewer slot after the one licensed negative statement; the extra span was removed.,True,False,113,76,37,True,remove_additional_negative_or_abstention_span
30115,weak_or_ambiguous,extra_forced_negative_or_duplicate_abstention_removed,Raw V2 filled an additional negative/other-viewer slot after the one licensed negative statement; the extra span was removed.,True,False,82,62,20,True,remove_additional_negative_or_abstention_span
30281,weak_or_ambiguous,extra_forced_negative_or_duplicate_abstention_removed,Raw V2 filled an additional negative/other-viewer slot after the one licensed negative statement; the extra span was removed.,True,False,106,86,20,False,remove_additional_negative_or_abstention_span
30751,no_negative_evidence,extra_forced_negative_or_duplicate_abstention_removed,Raw V2 filled an additional negative/other-viewer slot after the one licensed negative statement; the extra span was removed.,True,False,112,76,36,True,remove_additional_negative_or_abstention_span
31072,weak_or_ambiguous,extra_forced_negative_or_duplicate_abstention_removed,Raw V2 filled an additional negative/other-viewer slot after the one licensed negative statement; the extra span was removed.,True,False,142,100,42,True,remove_additional_negative_or_abstention_span
31258,supported_negative,inappropriate_abstention_despite_supported_negative_genre,Raw V2 abstained even though deterministic repeated rating evidence supported the narrow negative genre set ['War'].,True,False,127,92,35,True,format_add_summary_prefix;abstention_to_supported_negative;remove_additional_negative_or_abstention_span
31454,weak_or_ambiguous,formatting_only,Only deterministic prefix/placeholder/grammar normalization was needed.,False,True,88,89,-1,False,format_add_summary_prefix
31707,weak_or_ambiguous,extra_forced_negative_or_duplicate_abstention_removed,Raw V2 filled an additional negative/other-viewer slot after the one licensed negative statement; the extra span was removed.,True,False,118,99,19,False,remove_additional_negative_or_abstention_span
31715,supported_negative,extra_forced_negative_or_duplicate_abstention_removed,Raw V2 filled an additional negative/other-viewer slot after the one licensed negative statement; the extra span was removed.,True,False,118,78,40,True,remove_additional_negative_or_abstention_span;remove_additional_negative_or_abstention_span
32037,no_negative_evidence,extra_forced_negative_or_duplicate_abstention_removed,Raw V2 filled an additional negative/other-viewer slot after the one licensed negative statement; the extra span was removed.,True,False,106,78,28,True,remove_additional_negative_or_abstention_span
32064,no_negative_evidence,extra_forced_negative_or_duplicate_abstention_removed,Raw V2 filled an additional negative/other-viewer slot after the one licensed negative statement; the extra span was removed.,True,False,122,81,41,True,remove_additional_negative_or_abstention_span
32754,weak_or_ambiguous,extra_forced_negative_or_duplicate_abstention_removed,Raw V2 filled an additional negative/other-viewer slot after the one licensed negative statement; the extra span was removed.,True,False,130,78,52,True,remove_additional_negative_or_abstention_span
32956,supported_negative,inappropriate_abstention_despite_supported_negative_genre,"Raw V2 abstained even though deterministic repeated rating evidence supported the narrow negative genre set ['Children', 'Horror'].",True,False,131,103,28,True,format_add_summary_prefix;abstention_to_supported_negative;remove_additional_negative_or_abstention_span
33151,supported_negative,inappropriate_abstention_despite_supported_negative_genre,"Raw V2 abstained even though deterministic repeated rating evidence supported the narrow negative genre set ['Children', 'IMAX', 'Romance'].",True,False,117,79,38,True,abstention_to_supported_negative;remove_additional_negative_or_abstention_span
33158,weak_or_ambiguous,extra_forced_negative_or_duplicate_abstention_removed,Raw V2 filled an additional negative/other-viewer slot after the one licensed negative statement; the extra span was removed.,True,False,127,106,21,False,remove_additional_negative_or_abstention_span
33195,weak_or_ambiguous,extra_forced_negative_or_duplicate_abstention_removed,Raw V2 filled an additional negative/other-viewer slot after the one licensed negative statement; the extra span was removed.,True,False,106,88,18,False,remove_additional_negative_or_abstention_span
33249,supported_negative,inappropriate_abstention_despite_supported_negative_genre,Raw V2 abstained even though deterministic repeated rating evidence supported the narrow negative genre set ['Drama'].,True,False,102,101,1,False,abstention_to_supported_negative
33468,weak_or_ambiguous,extra_forced_negative_or_duplicate_abstention_removed,Raw V2 filled an additional negative/other-viewer slot after the one licensed negative statement; the extra span was removed.,True,False,111,96,15,False,remove_additional_negative_or_abstention_span
34061,supported_negative,inappropriate_abstention_despite_supported_negative_genre,"Raw V2 abstained even though deterministic repeated rating evidence supported the narrow negative genre set ['Adventure', 'Sci-Fi'].",True,False,109,100,9,False,abstention_to_supported_negative;remove_additional_negative_or_abstention_span
34329,supported_negative,inappropriate_abstention_despite_supported_negative_genre,Raw V2 abstained even though deterministic repeated rating evidence supported the narrow negative genre set ['Romance'].,True,False,70,69,1,False,abstention_to_supported_negative
34615,weak_or_ambiguous,extra_forced_negative_or_duplicate_abstention_removed,Raw V2 filled an additional negative/other-viewer slot after the one licensed negative statement; the extra span was removed.,True,False,111,86,25,True,remove_additional_negative_or_abstention_span
34866,supported_negative,inappropriate_abstention_despite_supported_negative_genre,Raw V2 abstained even though deterministic repeated rating evidence supported the narrow negative genre set ['Animation'].,True,False,105,70,35,True,abstention_to_supported_negative;remove_additional_negative_or_abstention_span
35131,weak_or_ambiguous,extra_forced_negative_or_duplicate_abstention_removed,Raw V2 filled an additional negative/other-viewer slot after the one licensed negative statement; the extra span was removed.,True,False,124,75,49,True,format_add_summary_prefix;remove_additional_negative_or_abstention_span
35148,weak_or_ambiguous,extra_forced_negative_or_duplicate_abstention_removed,Raw V2 filled an additional negative/other-viewer slot after the one licensed negative statement; the extra span was removed.,True,False,127,92,35,True,format_add_summary_prefix;remove_additional_negative_or_abstention_span
35270,supported_negative,inappropriate_abstention_despite_supported_negative_genre,"Raw V2 abstained even though deterministic repeated rating evidence supported the narrow negative genre set ['Adventure', 'Animation', 'Children', 'Fantasy'].",True,False,140,118,22,False,abstention_to_supported_negative;remove_additional_negative_or_abstention_span
35485,weak_or_ambiguous,extra_forced_negative_or_duplicate_abstention_removed,Raw V2 filled an additional negative/other-viewer slot after the one licensed negative statement; the extra span was removed.,True,False,118,82,36,True,format_add_summary_prefix;remove_additional_negative_or_abstention_span
35913,weak_or_ambiguous,extra_forced_negative_or_duplicate_abstention_removed,Raw V2 filled an additional negative/other-viewer slot after the one licensed negative statement; the extra span was removed.,True,False,112,78,34,True,remove_additional_negative_or_abstention_span
36607,weak_or_ambiguous,extra_forced_negative_or_duplicate_abstention_removed,Raw V2 filled an additional negative/other-viewer slot after the one licensed negative statement; the extra span was removed.,True,False,104,73,31,True,remove_additional_negative_or_abstention_span
36648,weak_or_ambiguous,extra_forced_negative_or_duplicate_abstention_removed,Raw V2 filled an additional negative/other-viewer slot after the one licensed negative statement; the extra span was removed.,True,False,105,73,32,True,remove_additional_negative_or_abstention_span
36650,weak_or_ambiguous,formatting_only,Only deterministic prefix/placeholder/grammar normalization was needed.,False,True,86,87,-1,False,format_add_summary_prefix
36799,supported_negative,inappropriate_abstention_despite_supported_negative_genre,Raw V2 abstained even though deterministic repeated rating evidence supported the narrow negative genre set ['Comedy'].,True,False,124,74,50,True,abstention_to_supported_negative;remove_additional_negative_or_abstention_span
36817,weak_or_ambiguous,extra_forced_negative_or_duplicate_abstention_removed,Raw V2 filled an additional negative/other-viewer slot after the one licensed negative statement; the extra span was removed.,True,False,118,99,19,False,remove_additional_negative_or_abstention_span
37884,weak_or_ambiguous,unsupported_negative_claim_neutralized_no_supported_genre,Raw V2 asserted a negative preference although deterministic evidence was weak_or_ambiguous and supported no negative genre.,True,False,97,66,31,True,grounding_narrow_or_neutralize;remove_additional_negative_or_abstention_span
38041,weak_or_ambiguous,extra_forced_negative_or_duplicate_abstention_removed,Raw V2 filled an additional negative/other-viewer slot after the one licensed negative statement; the extra span was removed.,True,False,111,79,32,True,remove_additional_negative_or_abstention_span
38174,supported_negative,overbroad_negative_claim_narrowed_to_supported_genres,"Raw V2 made a negative claim broader than the licensed genre evidence; the repair retained only ['Action', 'Crime', 'Horror', 'Thriller'].",True,False,107,66,41,True,grounding_narrow_or_neutralize;remove_additional_negative_or_abstention_span
38622,weak_or_ambiguous,unsupported_negative_claim_neutralized_no_supported_genre,Raw V2 asserted a negative preference although deterministic evidence was weak_or_ambiguous and supported no negative genre.,True,False,113,77,36,True,format_add_summary_prefix;grounding_narrow_or_neutralize;remove_additional_negative_or_abstention_span
38667,weak_or_ambiguous,extra_forced_negative_or_duplicate_abstention_removed,Raw V2 filled an additional negative/other-viewer slot after the one licensed negative statement; the extra span was removed.,True,False,132,76,56,True,format_malformed_abstention_leadin;remove_additional_negative_or_abstention_span
38776,no_negative_evidence,formatting_only,Only deterministic prefix/placeholder/grammar normalization was needed.,False,True,78,73,5,False,format_malformed_abstention_leadin
39004,supported_negative,overbroad_negative_claim_narrowed_to_supported_genres,"Raw V2 made a negative claim broader than the licensed genre evidence; the repair retained only ['Action', 'Adventure', 'Animation', 'Children', 'Horror', 'Mystery', 'Sci-Fi', 'Thriller'].",True,False,142,106,36,True,grounding_narrow_or_neutralize;remove_additional_negative_or_abstention_span
39377,weak_or_ambiguous,extra_forced_negative_or_duplicate_abstention_removed,Raw V2 filled an additional negative/other-viewer slot after the one licensed negative statement; the extra span was removed.,True,False,113,86,27,True,remove_additional_negative_or_abstention_span
39907,weak_or_ambiguous,extra_forced_negative_or_duplicate_abstention_removed,Raw V2 filled an additional negative/other-viewer slot after the one licensed negative statement; the extra span was removed.,True,False,103,75,28,True,remove_additional_negative_or_abstention_span
40266,weak_or_ambiguous,extra_forced_negative_or_duplicate_abstention_removed,Raw V2 filled an additional negative/other-viewer slot after the one licensed negative statement; the extra span was removed.,True,False,128,89,39,True,format_malformed_abstention_leadin;remove_additional_negative_or_abstention_span
40560,no_negative_evidence,extra_forced_negative_or_duplicate_abstention_removed,Raw V2 filled an additional negative/other-viewer slot after the one licensed negative statement; the extra span was removed.,True,False,100,69,31,True,remove_additional_negative_or_abstention_span
40603,weak_or_ambiguous,extra_forced_negative_or_duplicate_abstention_removed,Raw V2 filled an additional negative/other-viewer slot after the one licensed negative statement; the extra span was removed.,True,False,117,81,36,True,remove_additional_negative_or_abstention_span
40849,supported_negative,overbroad_negative_claim_narrowed_to_supported_genres,"Raw V2 made a negative claim broader than the licensed genre evidence; the repair retained only ['Action', 'Adventure', 'Children', 'Drama', 'Horror', 'Thriller'].",True,False,86,61,25,True,format_add_summary_prefix;grounding_narrow_or_neutralize;remove_additional_negative_or_abstention_span
40973,supported_negative,overbroad_negative_claim_narrowed_to_supported_genres,"Raw V2 made a negative claim broader than the licensed genre evidence; the repair retained only ['Fantasy', 'IMAX', 'Mystery'].",True,False,113,72,41,True,grounding_narrow_or_neutralize;remove_additional_negative_or_abstention_span
41228,weak_or_ambiguous,unsupported_negative_claim_neutralized_no_supported_genre,Raw V2 asserted a negative preference although deterministic evidence was weak_or_ambiguous and supported no negative genre.,True,False,107,68,39,True,grounding_narrow_or_neutralize;remove_additional_negative_or_abstention_span
42101,supported_negative,overbroad_negative_claim_narrowed_to_supported_genres,"Raw V2 made a negative claim broader than the licensed genre evidence; the repair retained only ['Children', 'Musical'].",True,False,144,113,31,True,grounding_narrow_or_neutralize;remove_additional_negative_or_abstention_span
42414,weak_or_ambiguous,unsupported_negative_claim_neutralized_no_supported_genre,Raw V2 asserted a negative preference although deterministic evidence was weak_or_ambiguous and supported no negative genre.,True,False,130,82,48,True,grounding_narrow_or_neutralize;remove_additional_negative_or_abstention_span
42546,weak_or_ambiguous,unsupported_negative_claim_neutralized_no_supported_genre,Raw V2 asserted a negative preference although deterministic evidence was weak_or_ambiguous and supported no negative genre.,True,False,157,95,62,True,format_add_summary_prefix;grounding_narrow_or_neutralize;remove_additional_negative_or_abstention_span;remove_additional_negative_or_abstention_span
42940,weak_or_ambiguous,extra_forced_negative_or_duplicate_abstention_removed,Raw V2 filled an additional negative/other-viewer slot after the one licensed negative statement; the extra span was removed.,True,False,112,71,41,True,format_add_summary_prefix;remove_additional_negative_or_abstention_span
43005,weak_or_ambiguous,extra_forced_negative_or_duplicate_abstention_removed,Raw V2 filled an additional negative/other-viewer slot after the one licensed negative statement; the extra span was removed.,True,False,114,88,26,True,remove_additional_negative_or_abstention_span
43204,weak_or_ambiguous,extra_forced_negative_or_duplicate_abstention_removed,Raw V2 filled an additional negative/other-viewer slot after the one licensed negative statement; the extra span was removed.,True,False,161,131,30,False,remove_additional_negative_or_abstention_span
43220,supported_negative,overbroad_negative_claim_narrowed_to_supported_genres,Raw V2 made a negative claim broader than the licensed genre evidence; the repair retained only ['Thriller'].,True,False,112,75,37,True,grounding_narrow_or_neutralize;remove_additional_negative_or_abstention_span
43315,weak_or_ambiguous,unsupported_negative_claim_neutralized_no_supported_genre,Raw V2 asserted a negative preference although deterministic evidence was weak_or_ambiguous and supported no negative genre.,True,False,123,71,52,True,grounding_narrow_or_neutralize;remove_additional_negative_or_abstention_span
43801,supported_negative,overbroad_negative_claim_narrowed_to_supported_genres,"Raw V2 made a negative claim broader than the licensed genre evidence; the repair retained only ['Action', 'Comedy', 'IMAX', 'Thriller'].",True,False,117,78,39,True,grounding_narrow_or_neutralize;remove_additional_negative_or_abstention_span
44105,weak_or_ambiguous,extra_forced_negative_or_duplicate_abstention_removed,Raw V2 filled an additional negative/other-viewer slot after the one licensed negative statement; the extra span was removed.,True,False,123,77,46,True,remove_additional_negative_or_abstention_span
44611,weak_or_ambiguous,unsupported_negative_claim_neutralized_no_supported_genre,Raw V2 asserted a negative preference although deterministic evidence was weak_or_ambiguous and supported no negative genre.,True,False,132,90,42,True,grounding_narrow_or_neutralize;remove_additional_negative_or_abstention_span
44755,supported_negative,overbroad_negative_claim_narrowed_to_supported_genres,Raw V2 made a negative claim broader than the licensed genre evidence; the repair retained only ['Comedy'].,True,False,67,63,4,False,grounding_narrow_or_neutralize
44787,weak_or_ambiguous,extra_forced_negative_or_duplicate_abstention_removed,Raw V2 filled an additional negative/other-viewer slot after the one licensed negative statement; the extra span was removed.,True,False,90,77,13,False,remove_additional_negative_or_abstention_span
44894,supported_negative,overbroad_negative_claim_narrowed_to_supported_genres,Raw V2 made a negative claim broader than the licensed genre evidence; the repair retained only ['Sci-Fi'].,True,False,97,70,27,True,grounding_narrow_or_neutralize;remove_additional_negative_or_abstention_span
45019,weak_or_ambiguous,unsupported_negative_claim_neutralized_no_supported_genre,Raw V2 asserted a negative preference although deterministic evidence was weak_or_ambiguous and supported no negative genre.,True,False,123,77,46,True,grounding_narrow_or_neutralize;remove_additional_negative_or_abstention_span
45085,weak_or_ambiguous,extra_forced_negative_or_duplicate_abstention_removed,Raw V2 filled an additional negative/other-viewer slot after the one licensed negative statement; the extra span was removed.,True,False,102,78,24,True,remove_additional_negative_or_abstention_span
45383,no_negative_evidence,extra_forced_negative_or_duplicate_abstention_removed,Raw V2 filled an additional negative/other-viewer slot after the one licensed negative statement; the extra span was removed.,True,False,123,87,36,True,remove_additional_negative_or_abstention_span
45424,supported_negative,inappropriate_abstention_despite_supported_negative_genre,Raw V2 abstained even though deterministic repeated rating evidence supported the narrow negative genre set ['Sci-Fi'].,True,False,64,64,0,False,abstention_to_supported_negative
45539,weak_or_ambiguous,extra_forced_negative_or_duplicate_abstention_removed,Raw V2 filled an additional negative/other-viewer slot after the one licensed negative statement; the extra span was removed.,True,False,117,106,11,False,remove_additional_negative_or_abstention_span
46009,weak_or_ambiguous,extra_forced_negative_or_duplicate_abstention_removed,Raw V2 filled an additional negative/other-viewer slot after the one licensed negative statement; the extra span was removed.,True,False,121,96,25,True,format_add_summary_prefix;remove_additional_negative_or_abstention_span
46146,weak_or_ambiguous,formatting_only,Only deterministic prefix/placeholder/grammar normalization was needed.,False,True,81,76,5,False,format_malformed_abstention_leadin
46181,supported_negative,inappropriate_abstention_despite_supported_negative_genre,"Raw V2 abstained even though deterministic repeated rating evidence supported the narrow negative genre set ['IMAX', 'Mystery', 'Sci-Fi'].",True,False,133,86,47,True,format_malformed_abstention_leadin;abstention_to_supported_negative;remove_additional_negative_or_abstention_span
46654,supported_negative,overbroad_negative_claim_narrowed_to_supported_genres,"Raw V2 made a negative claim broader than the licensed genre evidence; the repair retained only ['Action', 'Adventure', 'Animation', 'Children', 'Crime', 'Fantasy', 'Horror', 'Sci-Fi', 'Thriller'].",True,False,144,115,29,True,grounding_narrow_or_neutralize;remove_additional_negative_or_abstention_span
46920,weak_or_ambiguous,extra_forced_negative_or_duplicate_abstention_removed,Raw V2 filled an additional negative/other-viewer slot after the one licensed negative statement; the extra span was removed.,True,False,98,77,21,True,format_add_summary_prefix;remove_additional_negative_or_abstention_span
47302,weak_or_ambiguous,extra_forced_negative_or_duplicate_abstention_removed,Raw V2 filled an additional negative/other-viewer slot after the one licensed negative statement; the extra span was removed.,True,False,96,60,36,True,remove_additional_negative_or_abstention_span
47329,supported_negative,inappropriate_abstention_despite_supported_negative_genre,"Raw V2 abstained even though deterministic repeated rating evidence supported the narrow negative genre set ['Adventure', 'Animation', 'Children', 'Comedy', 'Drama', 'Musical', 'Romance', 'Sci-Fi', 'War'].",True,False,115,78,37,True,format_add_summary_prefix;abstention_to_supported_negative;remove_additional_negative_or_abstention_span
47541,weak_or_ambiguous,unsupported_negative_claim_neutralized_no_supported_genre,Raw V2 asserted a negative preference although deterministic evidence was weak_or_ambiguous and supported no negative genre.,True,False,131,83,48,True,grounding_narrow_or_neutralize;remove_additional_negative_or_abstention_span
47755,weak_or_ambiguous,extra_forced_negative_or_duplicate_abstention_removed,Raw V2 filled an additional negative/other-viewer slot after the one licensed negative statement; the extra span was removed.,True,False,102,76,26,True,remove_additional_negative_or_abstention_span
47828,weak_or_ambiguous,extra_forced_negative_or_duplicate_abstention_removed,Raw V2 filled an additional negative/other-viewer slot after the one licensed negative statement; the extra span was removed.,True,False,110,76,34,True,format_add_summary_prefix;remove_additional_negative_or_abstention_span
48244,weak_or_ambiguous,extra_forced_negative_or_duplicate_abstention_removed,Raw V2 filled an additional negative/other-viewer slot after the one licensed negative statement; the extra span was removed.,True,False,116,74,42,True,format_add_summary_prefix;remove_additional_negative_or_abstention_span
48650,weak_or_ambiguous,extra_forced_negative_or_duplicate_abstention_removed,Raw V2 filled an additional negative/other-viewer slot after the one licensed negative statement; the extra span was removed.,True,False,125,83,42,True,remove_additional_negative_or_abstention_span
48696,weak_or_ambiguous,extra_forced_negative_or_duplicate_abstention_removed,Raw V2 filled an additional negative/other-viewer slot after the one licensed negative statement; the extra span was removed.,True,False,129,82,47,True,format_add_summary_prefix;remove_additional_negative_or_abstention_span;remove_additional_negative_or_abstention_span
48697,weak_or_ambiguous,extra_forced_negative_or_duplicate_abstention_removed,Raw V2 filled an additional negative/other-viewer slot after the one licensed negative statement; the extra span was removed.,True,False,95,84,11,False,remove_additional_negative_or_abstention_span
48778,weak_or_ambiguous,extra_forced_negative_or_duplicate_abstention_removed,Raw V2 filled an additional negative/other-viewer slot after the one licensed negative statement; the extra span was removed.,True,False,109,88,21,False,remove_additional_negative_or_abstention_span
48802,weak_or_ambiguous,extra_forced_negative_or_duplicate_abstention_removed,Raw V2 filled an additional negative/other-viewer slot after the one licensed negative statement; the extra span was removed.,True,False,92,80,12,False,remove_additional_negative_or_abstention_span
48876,supported_negative,inappropriate_abstention_despite_supported_negative_genre,Raw V2 abstained even though deterministic repeated rating evidence supported the narrow negative genre set ['War'].,True,False,115,72,43,True,format_add_summary_prefix;abstention_to_supported_negative;remove_additional_negative_or_abstention_span
49203,weak_or_ambiguous,extra_forced_negative_or_duplicate_abstention_removed,Raw V2 filled an additional negative/other-viewer slot after the one licensed negative statement; the extra span was removed.,True,False,97,86,11,False,remove_additional_negative_or_abstention_span
49409,weak_or_ambiguous,extra_forced_negative_or_duplicate_abstention_removed,Raw V2 filled an additional negative/other-viewer slot after the one licensed negative statement; the extra span was removed.,True,False,105,75,30,True,remove_additional_negative_or_abstention_span
49435,supported_negative,overbroad_negative_claim_narrowed_to_supported_genres,Raw V2 made a negative claim broader than the licensed genre evidence; the repair retained only ['Horror'].,True,False,110,65,45,True,grounding_narrow_or_neutralize;remove_additional_negative_or_abstention_span
49667,weak_or_ambiguous,extra_forced_negative_or_duplicate_abstention_removed,Raw V2 filled an additional negative/other-viewer slot after the one licensed negative statement; the extra span was removed.,True,False,97,69,28,True,remove_additional_negative_or_abstention_span
49839,no_negative_evidence,formatting_only,Only deterministic prefix/placeholder/grammar normalization was needed.,False,True,73,74,-1,False,format_add_summary_prefix
49908,weak_or_ambiguous,extra_forced_negative_or_duplicate_abstention_removed,Raw V2 filled an additional negative/other-viewer slot after the one licensed negative statement; the extra span was removed.,True,False,110,75,35,True,remove_additional_negative_or_abstention_span
49955,weak_or_ambiguous,extra_forced_negative_or_duplicate_abstention_removed,Raw V2 filled an additional negative/other-viewer slot after the one licensed negative statement; the extra span was removed.,True,False,136,106,30,True,remove_additional_negative_or_abstention_span
50125,weak_or_ambiguous,formatting_only,Only deterministic prefix/placeholder/grammar normalization was needed.,False,True,115,116,-1,False,format_add_summary_prefix
50144,weak_or_ambiguous,unsupported_negative_claim_neutralized_no_supported_genre,Raw V2 asserted a negative preference although deterministic evidence was weak_or_ambiguous and supported no negative genre.,True,False,119,90,29,True,grounding_narrow_or_neutralize;remove_additional_negative_or_abstention_span
50225,weak_or_ambiguous,extra_forced_negative_or_duplicate_abstention_removed,Raw V2 filled an additional negative/other-viewer slot after the one licensed negative statement; the extra span was removed.,True,False,137,97,40,True,format_add_summary_prefix;remove_additional_negative_or_abstention_span
50348,weak_or_ambiguous,extra_forced_negative_or_duplicate_abstention_removed,Raw V2 filled an additional negative/other-viewer slot after the one licensed negative statement; the extra span was removed.,True,False,110,73,37,True,remove_additional_negative_or_abstention_span
50375,weak_or_ambiguous,extra_forced_negative_or_duplicate_abstention_removed,Raw V2 filled an additional negative/other-viewer slot after the one licensed negative statement; the extra span was removed.,True,False,123,102,21,False,remove_additional_negative_or_abstention_span
50674,supported_negative,inappropriate_abstention_despite_supported_negative_genre,"Raw V2 abstained even though deterministic repeated rating evidence supported the narrow negative genre set ['Action', 'Adventure', 'Crime', 'Sci-Fi'].",True,False,104,111,-7,False,abstention_to_supported_negative
50913,weak_or_ambiguous,extra_forced_negative_or_duplicate_abstention_removed,Raw V2 filled an additional negative/other-viewer slot after the one licensed negative statement; the extra span was removed.,True,False,124,91,33,True,remove_additional_negative_or_abstention_span
51293,weak_or_ambiguous,extra_forced_negative_or_duplicate_abstention_removed,Raw V2 filled an additional negative/other-viewer slot after the one licensed negative statement; the extra span was removed.,True,False,108,69,39,True,remove_additional_negative_or_abstention_span
51358,no_negative_evidence,extra_forced_negative_or_duplicate_abstention_removed,Raw V2 filled an additional negative/other-viewer slot after the one licensed negative statement; the extra span was removed.,True,False,99,76,23,True,format_malformed_abstention_leadin;remove_additional_negative_or_abstention_span
51420,weak_or_ambiguous,extra_forced_negative_or_duplicate_abstention_removed,Raw V2 filled an additional negative/other-viewer slot after the one licensed negative statement; the extra span was removed.,True,False,102,68,34,True,remove_additional_negative_or_abstention_span
51710,weak_or_ambiguous,extra_forced_negative_or_duplicate_abstention_removed,Raw V2 filled an additional negative/other-viewer slot after the one licensed negative statement; the extra span was removed.,True,False,101,87,14,False,remove_additional_negative_or_abstention_span
51772,no_negative_evidence,extra_forced_negative_or_duplicate_abstention_removed,Raw V2 filled an additional negative/other-viewer slot after the one licensed negative statement; the extra span was removed.,True,False,124,90,34,True,remove_additional_negative_or_abstention_span
52235,weak_or_ambiguous,formatting_only,Only deterministic prefix/placeholder/grammar normalization was needed.,False,True,59,60,-1,False,format_add_summary_prefix
52711,supported_negative,inappropriate_abstention_despite_supported_negative_genre,"Raw V2 abstained even though deterministic repeated rating evidence supported the narrow negative genre set ['Children', 'Fantasy', 'Musical', 'Romance'].",True,False,126,77,49,True,format_add_summary_prefix;abstention_to_supported_negative;remove_additional_negative_or_abstention_span
52931,weak_or_ambiguous,extra_forced_negative_or_duplicate_abstention_removed,Raw V2 filled an additional negative/other-viewer slot after the one licensed negative statement; the extra span was removed.,True,False,120,81,39,True,format_add_summary_prefix;remove_additional_negative_or_abstention_span
53045,weak_or_ambiguous,extra_forced_negative_or_duplicate_abstention_removed,Raw V2 filled an additional negative/other-viewer slot after the one licensed negative statement; the extra span was removed.,True,False,130,108,22,False,remove_additional_negative_or_abstention_span
53596,weak_or_ambiguous,extra_forced_negative_or_duplicate_abstention_removed,Raw V2 filled an additional negative/other-viewer slot after the one licensed negative statement; the extra span was removed.,True,False,101,75,26,True,format_add_summary_prefix;remove_additional_negative_or_abstention_span
53907,no_negative_evidence,extra_forced_negative_or_duplicate_abstention_removed,Raw V2 filled an additional negative/other-viewer slot after the one licensed negative statement; the extra span was removed.,True,False,107,76,31,True,remove_additional_negative_or_abstention_span
53995,weak_or_ambiguous,extra_forced_negative_or_duplicate_abstention_removed,Raw V2 filled an additional negative/other-viewer slot after the one licensed negative statement; the extra span was removed.,True,False,152,117,35,True,remove_additional_negative_or_abstention_span
54126,weak_or_ambiguous,extra_forced_negative_or_duplicate_abstention_removed,Raw V2 filled an additional negative/other-viewer slot after the one licensed negative statement; the extra span was removed.,True,False,101,85,16,False,remove_additional_negative_or_abstention_span
54154,supported_negative,overbroad_negative_claim_narrowed_to_supported_genres,Raw V2 made a negative claim broader than the licensed genre evidence; the repair retained only ['Sci-Fi'].,True,False,145,77,68,True,grounding_narrow_or_neutralize;remove_additional_negative_or_abstention_span
54157,supported_negative,overbroad_negative_claim_narrowed_to_supported_genres,Raw V2 made a negative claim broader than the licensed genre evidence; the repair retained only ['Children'].,True,False,128,72,56,True,grounding_narrow_or_neutralize;remove_additional_negative_or_abstention_span
54178,weak_or_ambiguous,extra_forced_negative_or_duplicate_abstention_removed,Raw V2 filled an additional negative/other-viewer slot after the one licensed negative statement; the extra span was removed.,True,False,85,57,28,True,format_add_summary_prefix;remove_additional_negative_or_abstention_span
54395,weak_or_ambiguous,extra_forced_negative_or_duplicate_abstention_removed,Raw V2 filled an additional negative/other-viewer slot after the one licensed negative statement; the extra span was removed.,True,False,112,87,25,True,remove_additional_negative_or_abstention_span
54596,no_negative_evidence,extra_forced_negative_or_duplicate_abstention_removed,Raw V2 filled an additional negative/other-viewer slot after the one licensed negative statement; the extra span was removed.,True,False,115,90,25,True,remove_additional_negative_or_abstention_span
54730,weak_or_ambiguous,extra_forced_negative_or_duplicate_abstention_removed,Raw V2 filled an additional negative/other-viewer slot after the one licensed negative statement; the extra span was removed.,True,False,108,84,24,True,format_malformed_abstention_leadin;remove_additional_negative_or_abstention_span
54804,supported_negative,inappropriate_abstention_despite_supported_negative_genre,"Raw V2 abstained even though deterministic repeated rating evidence supported the narrow negative genre set ['Comedy', 'Horror'].",True,False,110,66,44,True,abstention_to_supported_negative;remove_additional_negative_or_abstention_span
55366,weak_or_ambiguous,extra_forced_negative_or_duplicate_abstention_removed,Raw V2 filled an additional negative/other-viewer slot after the one licensed negative statement; the extra span was removed.,True,False,111,79,32,True,format_malformed_abstention_leadin;remove_additional_negative_or_abstention_span
55506,supported_negative,inappropriate_abstention_despite_supported_negative_genre,Raw V2 abstained even though deterministic repeated rating evidence supported the narrow negative genre set ['Horror'].,True,False,137,91,46,True,abstention_to_supported_negative;remove_additional_negative_or_abstention_span;remove_additional_negative_or_abstention_span
55607,no_negative_evidence,formatting_only,Only deterministic prefix/placeholder/grammar normalization was needed.,False,True,78,73,5,False,format_malformed_abstention_leadin
55849,weak_or_ambiguous,extra_forced_negative_or_duplicate_abstention_removed,Raw V2 filled an additional negative/other-viewer slot after the one licensed negative statement; the extra span was removed.,True,False,111,88,23,True,remove_additional_negative_or_abstention_span
56045,weak_or_ambiguous,unsupported_negative_claim_neutralized_no_supported_genre,Raw V2 asserted a negative preference although deterministic evidence was weak_or_ambiguous and supported no negative genre.,True,False,144,123,21,False,grounding_narrow_or_neutralize
56501,no_negative_evidence,extra_forced_negative_or_duplicate_abstention_removed,Raw V2 filled an additional negative/other-viewer slot after the one licensed negative statement; the extra span was removed.,True,False,135,102,33,True,format_add_summary_prefix;remove_additional_negative_or_abstention_span
56634,no_negative_evidence,extra_forced_negative_or_duplicate_abstention_removed,Raw V2 filled an additional negative/other-viewer slot after the one licensed negative statement; the extra span was removed.,True,False,124,83,41,True,format_add_summary_prefix;remove_additional_negative_or_abstention_span
57315,weak_or_ambiguous,unsupported_negative_claim_neutralized_no_supported_genre,Raw V2 asserted a negative preference although deterministic evidence was weak_or_ambiguous and supported no negative genre.,True,False,125,75,50,True,grounding_narrow_or_neutralize;remove_additional_negative_or_abstention_span
57338,weak_or_ambiguous,extra_forced_negative_or_duplicate_abstention_removed,Raw V2 filled an additional negative/other-viewer slot after the one licensed negative statement; the extra span was removed.,True,False,138,95,43,True,remove_additional_negative_or_abstention_span
57452,supported_negative,inappropriate_abstention_despite_supported_negative_genre,Raw V2 abstained even though deterministic repeated rating evidence supported the narrow negative genre set ['Western'].,True,False,73,61,12,False,format_add_summary_prefix;abstention_to_supported_negative;remove_additional_negative_or_abstention_span
57453,supported_negative,overbroad_negative_claim_narrowed_to_supported_genres,"Raw V2 made a negative claim broader than the licensed genre evidence; the repair retained only ['Children', 'Fantasy'].",True,False,107,82,25,True,grounding_narrow_or_neutralize;remove_additional_negative_or_abstention_span
57524,supported_negative,overbroad_negative_claim_narrowed_to_supported_genres,"Raw V2 made a negative claim broader than the licensed genre evidence; the repair retained only ['Crime', 'Horror'].",True,False,118,65,53,True,grounding_narrow_or_neutralize;remove_additional_negative_or_abstention_span
57662,weak_or_ambiguous,extra_forced_negative_or_duplicate_abstention_removed,Raw V2 filled an additional negative/other-viewer slot after the one licensed negative statement; the extra span was removed.,True,False,97,56,41,True,format_add_summary_prefix;remove_additional_negative_or_abstention_span
58453,weak_or_ambiguous,extra_forced_negative_or_duplicate_abstention_removed,Raw V2 filled an additional negative/other-viewer slot after the one licensed negative statement; the extra span was removed.,True,False,131,66,65,True,remove_additional_negative_or_abstention_span;remove_additional_negative_or_abstention_span
58565,weak_or_ambiguous,unsupported_negative_claim_neutralized_no_supported_genre,Raw V2 asserted a negative preference although deterministic evidence was weak_or_ambiguous and supported no negative genre.,True,False,106,67,39,True,grounding_narrow_or_neutralize;remove_additional_negative_or_abstention_span
58771,weak_or_ambiguous,extra_forced_negative_or_duplicate_abstention_removed,Raw V2 filled an additional negative/other-viewer slot after the one licensed negative statement; the extra span was removed.,True,False,132,86,46,True,remove_additional_negative_or_abstention_span
59029,supported_negative,overbroad_negative_claim_narrowed_to_supported_genres,"Raw V2 made a negative claim broader than the licensed genre evidence; the repair retained only ['Action', 'Animation', 'Children', 'Horror', 'Thriller'].",True,False,94,79,15,False,grounding_narrow_or_neutralize;remove_additional_negative_or_abstention_span
59090,weak_or_ambiguous,extra_forced_negative_or_duplicate_abstention_removed,Raw V2 filled an additional negative/other-viewer slot after the one licensed negative statement; the extra span was removed.,True,False,134,89,45,True,format_add_summary_prefix;remove_additional_negative_or_abstention_span
59200,weak_or_ambiguous,unsupported_negative_claim_neutralized_no_supported_genre,Raw V2 asserted a negative preference although deterministic evidence was weak_or_ambiguous and supported no negative genre.,True,False,100,62,38,True,grounding_narrow_or_neutralize;remove_additional_negative_or_abstention_span
59725,no_negative_evidence,formatting_only,Only deterministic prefix/placeholder/grammar normalization was needed.,False,True,131,132,-1,False,format_add_summary_prefix
60525,weak_or_ambiguous,extra_forced_negative_or_duplicate_abstention_removed,Raw V2 filled an additional negative/other-viewer slot after the one licensed negative statement; the extra span was removed.,True,False,163,104,59,True,remove_additional_negative_or_abstention_span;remove_additional_negative_or_abstention_span
60875,supported_negative,inappropriate_abstention_despite_supported_negative_genre,Raw V2 abstained even though deterministic repeated rating evidence supported the narrow negative genre set ['Sci-Fi'].,True,False,102,59,43,True,format_add_summary_prefix;abstention_to_supported_negative;remove_additional_negative_or_abstention_span
60935,weak_or_ambiguous,extra_forced_negative_or_duplicate_abstention_removed,Raw V2 filled an additional negative/other-viewer slot after the one licensed negative statement; the extra span was removed.,True,False,126,87,39,True,format_add_summary_prefix;remove_additional_negative_or_abstention_span
61104,weak_or_ambiguous,extra_forced_negative_or_duplicate_abstention_removed,Raw V2 filled an additional negative/other-viewer slot after the one licensed negative statement; the extra span was removed.,True,False,120,82,38,True,remove_additional_negative_or_abstention_span
61250,supported_negative,overbroad_negative_claim_narrowed_to_supported_genres,Raw V2 made a negative claim broader than the licensed genre evidence; the repair retained only ['Crime'].,True,False,121,68,53,True,format_add_summary_prefix;grounding_narrow_or_neutralize;remove_additional_negative_or_abstention_span
61824,no_negative_evidence,extra_forced_negative_or_duplicate_abstention_removed,Raw V2 filled an additional negative/other-viewer slot after the one licensed negative statement; the extra span was removed.,True,False,104,62,42,True,format_malformed_abstention_leadin;remove_additional_negative_or_abstention_span
61992,no_negative_evidence,extra_forced_negative_or_duplicate_abstention_removed,Raw V2 filled an additional negative/other-viewer slot after the one licensed negative statement; the extra span was removed.,True,False,117,78,39,True,format_add_summary_prefix;remove_additional_negative_or_abstention_span
62020,supported_negative,overbroad_negative_claim_narrowed_to_supported_genres,"Raw V2 made a negative claim broader than the licensed genre evidence; the repair retained only ['Crime', 'Fantasy', 'IMAX', 'Sci-Fi'].",True,False,82,68,14,False,format_add_summary_prefix;grounding_narrow_or_neutralize;remove_additional_negative_or_abstention_span
62663,supported_negative,inappropriate_abstention_despite_supported_negative_genre,Raw V2 abstained even though deterministic repeated rating evidence supported the narrow negative genre set ['Crime'].,True,False,132,86,46,True,format_add_summary_prefix;abstention_to_supported_negative;remove_additional_negative_or_abstention_span
63536,weak_or_ambiguous,extra_forced_negative_or_duplicate_abstention_removed,Raw V2 filled an additional negative/other-viewer slot after the one licensed negative statement; the extra span was removed.,True,False,123,90,33,True,remove_additional_negative_or_abstention_span
63900,no_negative_evidence,extra_forced_negative_or_duplicate_abstention_removed,Raw V2 filled an additional negative/other-viewer slot after the one licensed negative statement; the extra span was removed.,True,False,101,64,37,True,format_add_summary_prefix;remove_additional_negative_or_abstention_span
64306,weak_or_ambiguous,extra_forced_negative_or_duplicate_abstention_removed,Raw V2 filled an additional negative/other-viewer slot after the one licensed negative statement; the extra span was removed.,True,False,125,114,11,False,remove_additional_negative_or_abstention_span
64657,weak_or_ambiguous,extra_forced_negative_or_duplicate_abstention_removed,Raw V2 filled an additional negative/other-viewer slot after the one licensed negative statement; the extra span was removed.,True,False,128,103,25,False,remove_additional_negative_or_abstention_span
64751,supported_negative,inappropriate_abstention_despite_supported_negative_genre,"Raw V2 abstained even though deterministic repeated rating evidence supported the narrow negative genre set ['Sci-Fi', 'Western'].",True,False,71,73,-2,False,abstention_to_supported_negative
64830,supported_negative,inappropriate_abstention_despite_supported_negative_genre,"Raw V2 abstained even though deterministic repeated rating evidence supported the narrow negative genre set ['Action', 'Adventure', 'Romance', 'Sci-Fi', 'Western'].",True,False,127,93,34,True,abstention_to_supported_negative;remove_additional_negative_or_abstention_span
64863,weak_or_ambiguous,extra_forced_negative_or_duplicate_abstention_removed,Raw V2 filled an additional negative/other-viewer slot after the one licensed negative statement; the extra span was removed.,True,False,102,75,27,True,remove_additional_negative_or_abstention_span
65158,no_negative_evidence,extra_forced_negative_or_duplicate_abstention_removed,Raw V2 filled an additional negative/other-viewer slot after the one licensed negative statement; the extra span was removed.,True,False,83,72,11,False,remove_additional_negative_or_abstention_span
65242,supported_negative,inappropriate_abstention_despite_supported_negative_genre,"Raw V2 abstained even though deterministic repeated rating evidence supported the narrow negative genre set ['Children', 'Fantasy'].",True,False,119,82,37,True,format_add_summary_prefix;abstention_to_supported_negative;remove_additional_negative_or_abstention_span
65809,weak_or_ambiguous,extra_forced_negative_or_duplicate_abstention_removed,Raw V2 filled an additional negative/other-viewer slot after the one licensed negative statement; the extra span was removed.,True,False,101,65,36,True,format_add_summary_prefix;remove_additional_negative_or_abstention_span
65948,no_negative_evidence,extra_forced_negative_or_duplicate_abstention_removed,Raw V2 filled an additional negative/other-viewer slot after the one licensed negative statement; the extra span was removed.,True,False,116,78,38,True,format_add_summary_prefix;remove_additional_negative_or_abstention_span
66075,weak_or_ambiguous,unsupported_negative_claim_neutralized_no_supported_genre,Raw V2 asserted a negative preference although deterministic evidence was weak_or_ambiguous and supported no negative genre.,True,False,130,104,26,True,grounding_narrow_or_neutralize
66187,supported_negative,inappropriate_abstention_despite_supported_negative_genre,"Raw V2 abstained even though deterministic repeated rating evidence supported the narrow negative genre set ['Animation', 'Children', 'Fantasy', 'Horror', 'IMAX', 'Musical', 'Romance'].",True,False,121,111,10,False,format_add_summary_prefix;abstention_to_supported_negative
66233,weak_or_ambiguous,extra_forced_negative_or_duplicate_abstention_removed,Raw V2 filled an additional negative/other-viewer slot after the one licensed negative statement; the extra span was removed.,True,False,128,92,36,True,remove_additional_negative_or_abstention_span
66454,supported_negative,overbroad_negative_claim_narrowed_to_supported_genres,Raw V2 made a negative claim broader than the licensed genre evidence; the repair retained only ['Adventure'].,True,False,125,78,47,True,grounding_narrow_or_neutralize;remove_additional_negative_or_abstention_span
67004,supported_negative,overbroad_negative_claim_narrowed_to_supported_genres,"Raw V2 made a negative claim broader than the licensed genre evidence; the repair retained only ['Action', 'Adventure', 'Fantasy', 'IMAX'].",True,False,115,88,27,True,grounding_narrow_or_neutralize;remove_additional_negative_or_abstention_span
67102,supported_negative,inappropriate_abstention_despite_supported_negative_genre,"Raw V2 abstained even though deterministic repeated rating evidence supported the narrow negative genre set ['Children', 'Comedy'].",True,False,76,79,-3,False,format_add_summary_prefix;abstention_to_supported_negative
67176,weak_or_ambiguous,unsupported_negative_claim_neutralized_no_supported_genre,Raw V2 asserted a negative preference although deterministic evidence was weak_or_ambiguous and supported no negative genre.,True,False,124,93,31,True,grounding_narrow_or_neutralize;remove_additional_negative_or_abstention_span
67235,supported_negative,overbroad_negative_claim_narrowed_to_supported_genres,"Raw V2 made a negative claim broader than the licensed genre evidence; the repair retained only ['Action', 'Adventure'].",True,False,103,66,37,True,grounding_narrow_or_neutralize;remove_additional_negative_or_abstention_span
67253,weak_or_ambiguous,extra_forced_negative_or_duplicate_abstention_removed,Raw V2 filled an additional negative/other-viewer slot after the one licensed negative statement; the extra span was removed.,True,False,182,72,110,True,format_remove_literal_instruction_or_placeholder;format_remove_literal_instruction_or_placeholder;remove_additional_negative_or_abstention_span;remove_additional_negative_or_abstention_span;remove_additional_negative_or_abstention_span
67637,no_negative_evidence,formatting_only,Only deterministic prefix/placeholder/grammar normalization was needed.,False,True,88,83,5,False,format_malformed_abstention_leadin
67648,weak_or_ambiguous,extra_forced_negative_or_duplicate_abstention_removed,Raw V2 filled an additional negative/other-viewer slot after the one licensed negative statement; the extra span was removed.,True,False,95,79,16,False,remove_additional_negative_or_abstention_span
67759,weak_or_ambiguous,extra_forced_negative_or_duplicate_abstention_removed,Raw V2 filled an additional negative/other-viewer slot after the one licensed negative statement; the extra span was removed.,True,False,105,94,11,False,remove_additional_negative_or_abstention_span
68101,weak_or_ambiguous,extra_forced_negative_or_duplicate_abstention_removed,Raw V2 filled an additional negative/other-viewer slot after the one licensed negative statement; the extra span was removed.,True,False,91,75,16,False,format_add_summary_prefix;remove_additional_negative_or_abstention_span
68105,weak_or_ambiguous,unsupported_negative_claim_neutralized_no_supported_genre,Raw V2 asserted a negative preference although deterministic evidence was weak_or_ambiguous and supported no negative genre.,True,False,122,88,34,True,format_add_summary_prefix;grounding_narrow_or_neutralize
68501,weak_or_ambiguous,formatting_only,Only deterministic prefix/placeholder/grammar normalization was needed.,False,True,99,94,5,False,format_malformed_abstention_leadin
68590,no_negative_evidence,formatting_only,Only deterministic prefix/placeholder/grammar normalization was needed.,False,True,139,140,-1,False,format_add_summary_prefix
69248,weak_or_ambiguous,extra_forced_negative_or_duplicate_abstention_removed,Raw V2 filled an additional negative/other-viewer slot after the one licensed negative statement; the extra span was removed.,True,False,118,80,38,True,format_malformed_abstention_leadin;remove_additional_negative_or_abstention_span
69471,weak_or_ambiguous,unsupported_negative_claim_neutralized_no_supported_genre,Raw V2 asserted a negative preference although deterministic evidence was weak_or_ambiguous and supported no negative genre.,True,False,143,120,23,False,grounding_narrow_or_neutralize
69593,supported_negative,inappropriate_abstention_despite_supported_negative_genre,Raw V2 abstained even though deterministic repeated rating evidence supported the narrow negative genre set ['Horror'].,True,False,111,78,33,True,abstention_to_supported_negative;remove_additional_negative_or_abstention_span
69757,weak_or_ambiguous,extra_forced_negative_or_duplicate_abstention_removed,Raw V2 filled an additional negative/other-viewer slot after the one licensed negative statement; the extra span was removed.,True,False,96,59,37,True,format_add_summary_prefix;remove_additional_negative_or_abstention_span
69955,weak_or_ambiguous,extra_forced_negative_or_duplicate_abstention_removed,Raw V2 filled an additional negative/other-viewer slot after the one licensed negative statement; the extra span was removed.,True,False,127,109,18,False,remove_additional_negative_or_abstention_span
69965,weak_or_ambiguous,extra_forced_negative_or_duplicate_abstention_removed,Raw V2 filled an additional negative/other-viewer slot after the one licensed negative statement; the extra span was removed.,True,False,128,98,30,True,remove_additional_negative_or_abstention_span
70316,weak_or_ambiguous,unsupported_negative_claim_neutralized_no_supported_genre,Raw V2 asserted a negative preference although deterministic evidence was weak_or_ambiguous and supported no negative genre.,True,False,149,94,55,True,grounding_narrow_or_neutralize;remove_additional_negative_or_abstention_span
70375,weak_or_ambiguous,extra_forced_negative_or_duplicate_abstention_removed,Raw V2 filled an additional negative/other-viewer slot after the one licensed negative statement; the extra span was removed.,True,False,114,67,47,True,format_add_summary_prefix;remove_additional_negative_or_abstention_span
70701,weak_or_ambiguous,extra_forced_negative_or_duplicate_abstention_removed,Raw V2 filled an additional negative/other-viewer slot after the one licensed negative statement; the extra span was removed.,True,False,85,74,11,False,remove_additional_negative_or_abstention_span
70721,weak_or_ambiguous,extra_forced_negative_or_duplicate_abstention_removed,Raw V2 filled an additional negative/other-viewer slot after the one licensed negative statement; the extra span was removed.,True,False,105,79,26,True,remove_additional_negative_or_abstention_span
70767,weak_or_ambiguous,extra_forced_negative_or_duplicate_abstention_removed,Raw V2 filled an additional negative/other-viewer slot after the one licensed negative statement; the extra span was removed.,True,False,108,93,15,False,remove_additional_negative_or_abstention_span
71014,supported_negative,overbroad_negative_claim_narrowed_to_supported_genres,"Raw V2 made a negative claim broader than the licensed genre evidence; the repair retained only ['Horror', 'Sci-Fi'].",True,False,98,73,25,True,grounding_narrow_or_neutralize;remove_additional_negative_or_abstention_span
71300,weak_or_ambiguous,formatting_only,Only deterministic prefix/placeholder/grammar normalization was needed.,False,True,66,61,5,False,format_malformed_abstention_leadin
71528,no_negative_evidence,unsupported_negative_claim_neutralized_no_supported_genre,Raw V2 asserted a negative preference although deterministic evidence was no_negative_evidence and supported no negative genre.,True,False,105,72,33,True,grounding_narrow_or_neutralize;remove_additional_negative_or_abstention_span
71817,supported_negative,overbroad_negative_claim_narrowed_to_supported_genres,"Raw V2 made a negative claim broader than the licensed genre evidence; the repair retained only ['Adventure', 'Children'].",True,False,130,87,43,True,grounding_narrow_or_neutralize;remove_additional_negative_or_abstention_span
72211,supported_negative,inappropriate_abstention_despite_supported_negative_genre,Raw V2 abstained even though deterministic repeated rating evidence supported the narrow negative genre set ['Children'].,True,False,105,105,0,False,abstention_to_supported_negative
72657,weak_or_ambiguous,extra_forced_negative_or_duplicate_abstention_removed,Raw V2 filled an additional negative/other-viewer slot after the one licensed negative statement; the extra span was removed.,True,False,74,63,11,False,remove_additional_negative_or_abstention_span
72815,supported_negative,inappropriate_abstention_despite_supported_negative_genre,"Raw V2 abstained even though deterministic repeated rating evidence supported the narrow negative genre set ['Action', 'Adventure', 'Animation', 'Children', 'Fantasy', 'Horror', 'IMAX', 'Musical', 'Sci-Fi', 'Thriller'].",True,False,111,127,-16,False,abstention_to_supported_negative
72904,weak_or_ambiguous,extra_forced_negative_or_duplicate_abstention_removed,Raw V2 filled an additional negative/other-viewer slot after the one licensed negative statement; the extra span was removed.,True,False,112,81,31,True,remove_additional_negative_or_abstention_span
73094,weak_or_ambiguous,extra_forced_negative_or_duplicate_abstention_removed,Raw V2 filled an additional negative/other-viewer slot after the one licensed negative statement; the extra span was removed.,True,False,131,88,43,True,format_add_summary_prefix;remove_additional_negative_or_abstention_span
73623,weak_or_ambiguous,unsupported_negative_claim_neutralized_no_supported_genre,Raw V2 asserted a negative preference although deterministic evidence was weak_or_ambiguous and supported no negative genre.,True,False,109,72,37,True,grounding_narrow_or_neutralize;remove_additional_negative_or_abstention_span
73640,no_negative_evidence,extra_forced_negative_or_duplicate_abstention_removed,Raw V2 filled an additional negative/other-viewer slot after the one licensed negative statement; the extra span was removed.,True,False,103,94,9,False,format_add_summary_prefix;remove_additional_negative_or_abstention_span
73941,weak_or_ambiguous,unsupported_negative_claim_neutralized_no_supported_genre,Raw V2 asserted a negative preference although deterministic evidence was weak_or_ambiguous and supported no negative genre.,True,False,113,75,38,True,grounding_narrow_or_neutralize;remove_additional_negative_or_abstention_span
74219,supported_negative,inappropriate_abstention_despite_supported_negative_genre,"Raw V2 abstained even though deterministic repeated rating evidence supported the narrow negative genre set ['Adventure', 'Comedy', 'Crime', 'Drama', 'Fantasy', 'IMAX', 'Mystery', 'Romance', 'Sci-Fi', 'Thriller'].",True,False,85,87,-2,False,abstention_to_supported_negative;remove_additional_negative_or_abstention_span
74489,weak_or_ambiguous,extra_forced_negative_or_duplicate_abstention_removed,Raw V2 filled an additional negative/other-viewer slot after the one licensed negative statement; the extra span was removed.,True,False,122,79,43,True,remove_additional_negative_or_abstention_span
75109,weak_or_ambiguous,extra_forced_negative_or_duplicate_abstention_removed,Raw V2 filled an additional negative/other-viewer slot after the one licensed negative statement; the extra span was removed.,True,False,110,82,28,True,format_malformed_abstention_leadin;remove_additional_negative_or_abstention_span
75608,weak_or_ambiguous,extra_forced_negative_or_duplicate_abstention_removed,Raw V2 filled an additional negative/other-viewer slot after the one licensed negative statement; the extra span was removed.,True,False,169,117,52,True,format_malformed_abstention_leadin;remove_additional_negative_or_abstention_span
75653,weak_or_ambiguous,unsupported_negative_claim_neutralized_no_supported_genre,Raw V2 asserted a negative preference although deterministic evidence was weak_or_ambiguous and supported no negative genre.,True,False,136,92,44,True,grounding_narrow_or_neutralize;remove_additional_negative_or_abstention_span
75871,weak_or_ambiguous,unsupported_negative_claim_neutralized_no_supported_genre,Raw V2 asserted a negative preference although deterministic evidence was weak_or_ambiguous and supported no negative genre.,True,False,126,104,22,False,grounding_narrow_or_neutralize
76127,supported_negative,inappropriate_abstention_despite_supported_negative_genre,Raw V2 abstained even though deterministic repeated rating evidence supported the narrow negative genre set ['Fantasy'].,True,False,121,74,47,True,format_add_summary_prefix;abstention_to_supported_negative;remove_additional_negative_or_abstention_span
76539,weak_or_ambiguous,unsupported_negative_claim_neutralized_no_supported_genre,Raw V2 asserted a negative preference although deterministic evidence was weak_or_ambiguous and supported no negative genre.,True,False,155,108,47,True,grounding_narrow_or_neutralize;remove_additional_negative_or_abstention_span
76600,weak_or_ambiguous,unsupported_negative_claim_neutralized_no_supported_genre,Raw V2 asserted a negative preference although deterministic evidence was weak_or_ambiguous and supported no negative genre.,True,False,109,70,39,True,grounding_narrow_or_neutralize;remove_additional_negative_or_abstention_span
77079,weak_or_ambiguous,extra_forced_negative_or_duplicate_abstention_removed,Raw V2 filled an additional negative/other-viewer slot after the one licensed negative statement; the extra span was removed.,True,False,129,79,50,True,remove_additional_negative_or_abstention_span
77151,supported_negative,inappropriate_abstention_despite_supported_negative_genre,Raw V2 abstained even though deterministic repeated rating evidence supported the narrow negative genre set ['Drama'].,True,False,111,59,52,True,format_add_summary_prefix;abstention_to_supported_negative;remove_additional_negative_or_abstention_span
77190,weak_or_ambiguous,extra_forced_negative_or_duplicate_abstention_removed,Raw V2 filled an additional negative/other-viewer slot after the one licensed negative statement; the extra span was removed.,True,False,107,86,21,False,remove_additional_negative_or_abstention_span
77220,weak_or_ambiguous,unsupported_negative_claim_neutralized_no_supported_genre,Raw V2 asserted a negative preference although deterministic evidence was weak_or_ambiguous and supported no negative genre.,True,False,143,91,52,True,grounding_narrow_or_neutralize;remove_additional_negative_or_abstention_span
77256,weak_or_ambiguous,extra_forced_negative_or_duplicate_abstention_removed,Raw V2 filled an additional negative/other-viewer slot after the one licensed negative statement; the extra span was removed.,True,False,124,78,46,True,format_add_summary_prefix;remove_additional_negative_or_abstention_span
77261,weak_or_ambiguous,extra_forced_negative_or_duplicate_abstention_removed,Raw V2 filled an additional negative/other-viewer slot after the one licensed negative statement; the extra span was removed.,True,False,123,87,36,True,remove_additional_negative_or_abstention_span
77816,supported_negative,inappropriate_abstention_despite_supported_negative_genre,Raw V2 abstained even though deterministic repeated rating evidence supported the narrow negative genre set ['Children'].,True,False,143,131,12,False,abstention_to_supported_negative;remove_additional_negative_or_abstention_span
77880,supported_negative,inappropriate_abstention_despite_supported_negative_genre,Raw V2 abstained even though deterministic repeated rating evidence supported the narrow negative genre set ['Horror'].,True,False,122,122,0,False,abstention_to_supported_negative
79340,weak_or_ambiguous,extra_forced_negative_or_duplicate_abstention_removed,Raw V2 filled an additional negative/other-viewer slot after the one licensed negative statement; the extra span was removed.,True,False,121,82,39,True,remove_additional_negative_or_abstention_span
79397,weak_or_ambiguous,extra_forced_negative_or_duplicate_abstention_removed,Raw V2 filled an additional negative/other-viewer slot after the one licensed negative statement; the extra span was removed.,True,False,162,131,31,False,remove_additional_negative_or_abstention_span
79721,weak_or_ambiguous,extra_forced_negative_or_duplicate_abstention_removed,Raw V2 filled an additional negative/other-viewer slot after the one licensed negative statement; the extra span was removed.,True,False,132,97,35,True,remove_additional_negative_or_abstention_span
79808,no_negative_evidence,extra_forced_negative_or_duplicate_abstention_removed,Raw V2 filled an additional negative/other-viewer slot after the one licensed negative statement; the extra span was removed.,True,False,144,99,45,True,remove_additional_negative_or_abstention_span
79857,no_negative_evidence,extra_forced_negative_or_duplicate_abstention_removed,Raw V2 filled an additional negative/other-viewer slot after the one licensed negative statement; the extra span was removed.,True,False,103,81,22,True,remove_additional_negative_or_abstention_span
79928,weak_or_ambiguous,extra_forced_negative_or_duplicate_abstention_removed,Raw V2 filled an additional negative/other-viewer slot after the one licensed negative statement; the extra span was removed.,True,False,132,83,49,True,format_add_summary_prefix;remove_additional_negative_or_abstention_span
80822,weak_or_ambiguous,unsupported_negative_claim_neutralized_no_supported_genre,Raw V2 asserted a negative preference although deterministic evidence was weak_or_ambiguous and supported no negative genre.,True,False,114,71,43,True,format_add_summary_prefix;grounding_narrow_or_neutralize;remove_additional_negative_or_abstention_span
80833,weak_or_ambiguous,extra_forced_negative_or_duplicate_abstention_removed,Raw V2 filled an additional negative/other-viewer slot after the one licensed negative statement; the extra span was removed.,True,False,128,91,37,True,remove_additional_negative_or_abstention_span
80988,supported_negative,inappropriate_abstention_despite_supported_negative_genre,"Raw V2 abstained even though deterministic repeated rating evidence supported the narrow negative genre set ['Action', 'Comedy'].",True,False,109,88,21,False,format_add_summary_prefix;abstention_to_supported_negative;remove_additional_negative_or_abstention_span
81593,supported_negative,inappropriate_abstention_despite_supported_negative_genre,"Raw V2 abstained even though deterministic repeated rating evidence supported the narrow negative genre set ['Adventure', 'Fantasy', 'IMAX', 'Sci-Fi', 'Thriller'].",True,False,117,82,35,True,abstention_to_supported_negative;remove_additional_negative_or_abstention_span
82345,weak_or_ambiguous,unsupported_negative_claim_neutralized_no_supported_genre,Raw V2 asserted a negative preference although deterministic evidence was weak_or_ambiguous and supported no negative genre.,True,False,117,77,40,True,grounding_narrow_or_neutralize;remove_additional_negative_or_abstention_span
82489,weak_or_ambiguous,unsupported_negative_claim_neutralized_no_supported_genre,Raw V2 asserted a negative preference although deterministic evidence was weak_or_ambiguous and supported no negative genre.,True,False,136,88,48,True,grounding_narrow_or_neutralize
83310,supported_negative,overbroad_negative_claim_narrowed_to_supported_genres,"Raw V2 made a negative claim broader than the licensed genre evidence; the repair retained only ['Action', 'Adventure', 'Animation', 'Comedy', 'Drama', 'Mystery', 'Romance', 'Sci-Fi', 'Thriller'].",True,False,105,81,24,True,grounding_narrow_or_neutralize;remove_additional_negative_or_abstention_span
83449,weak_or_ambiguous,extra_forced_negative_or_duplicate_abstention_removed,Raw V2 filled an additional negative/other-viewer slot after the one licensed negative statement; the extra span was removed.,True,False,105,74,31,True,format_add_summary_prefix;remove_additional_negative_or_abstention_span
83626,weak_or_ambiguous,extra_forced_negative_or_duplicate_abstention_removed,Raw V2 filled an additional negative/other-viewer slot after the one licensed negative statement; the extra span was removed.,True,False,123,82,41,True,remove_additional_negative_or_abstention_span
83816,no_negative_evidence,extra_forced_negative_or_duplicate_abstention_removed,Raw V2 filled an additional negative/other-viewer slot after the one licensed negative statement; the extra span was removed.,True,False,134,93,41,True,format_add_summary_prefix;remove_additional_negative_or_abstention_span
84452,weak_or_ambiguous,extra_forced_negative_or_duplicate_abstention_removed,Raw V2 filled an additional negative/other-viewer slot after the one licensed negative statement; the extra span was removed.,True,False,124,73,51,True,remove_additional_negative_or_abstention_span
84514,weak_or_ambiguous,extra_forced_negative_or_duplicate_abstention_removed,Raw V2 filled an additional negative/other-viewer slot after the one licensed negative statement; the extra span was removed.,True,False,85,74,11,False,remove_additional_negative_or_abstention_span
85187,weak_or_ambiguous,extra_forced_negative_or_duplicate_abstention_removed,Raw V2 filled an additional negative/other-viewer slot after the one licensed negative statement; the extra span was removed.,True,False,68,57,11,False,remove_additional_negative_or_abstention_span
85330,supported_negative,overbroad_negative_claim_narrowed_to_supported_genres,Raw V2 made a negative claim broader than the licensed genre evidence; the repair retained only ['IMAX'].,True,False,103,76,27,True,grounding_narrow_or_neutralize;remove_additional_negative_or_abstention_span
85745,weak_or_ambiguous,extra_forced_negative_or_duplicate_abstention_removed,Raw V2 filled an additional negative/other-viewer slot after the one licensed negative statement; the extra span was removed.,True,False,109,71,38,True,format_add_summary_prefix;remove_additional_negative_or_abstention_span
86385,weak_or_ambiguous,extra_forced_negative_or_duplicate_abstention_removed,Raw V2 filled an additional negative/other-viewer slot after the one licensed negative statement; the extra span was removed.,True,False,113,81,32,True,remove_additional_negative_or_abstention_span
86574,weak_or_ambiguous,extra_forced_negative_or_duplicate_abstention_removed,Raw V2 filled an additional negative/other-viewer slot after the one licensed negative statement; the extra span was removed.,True,False,110,75,35,True,remove_additional_negative_or_abstention_span
86818,weak_or_ambiguous,extra_forced_negative_or_duplicate_abstention_removed,Raw V2 filled an additional negative/other-viewer slot after the one licensed negative statement; the extra span was removed.,True,False,135,97,38,True,format_add_summary_prefix;remove_additional_negative_or_abstention_span
86943,supported_negative,overbroad_negative_claim_narrowed_to_supported_genres,"Raw V2 made a negative claim broader than the licensed genre evidence; the repair retained only ['IMAX', 'Romance'].",True,False,102,66,36,True,grounding_narrow_or_neutralize;remove_additional_negative_or_abstention_span
87148,weak_or_ambiguous,extra_forced_negative_or_duplicate_abstention_removed,Raw V2 filled an additional negative/other-viewer slot after the one licensed negative statement; the extra span was removed.,True,False,98,64,34,True,remove_additional_negative_or_abstention_span
87436,weak_or_ambiguous,extra_forced_negative_or_duplicate_abstention_removed,Raw V2 filled an additional negative/other-viewer slot after the one licensed negative statement; the extra span was removed.,True,False,103,83,20,False,remove_additional_negative_or_abstention_span
87610,weak_or_ambiguous,extra_forced_negative_or_duplicate_abstention_removed,Raw V2 filled an additional negative/other-viewer slot after the one licensed negative statement; the extra span was removed.,True,False,115,86,29,True,remove_additional_negative_or_abstention_span
87655,supported_negative,overbroad_negative_claim_narrowed_to_supported_genres,"Raw V2 made a negative claim broader than the licensed genre evidence; the repair retained only ['Adventure', 'Comedy'].",True,False,127,87,40,True,grounding_narrow_or_neutralize;remove_additional_negative_or_abstention_span
87844,weak_or_ambiguous,extra_forced_negative_or_duplicate_abstention_removed,Raw V2 filled an additional negative/other-viewer slot after the one licensed negative statement; the extra span was removed.,True,False,135,91,44,True,format_add_summary_prefix;remove_additional_negative_or_abstention_span
87957,weak_or_ambiguous,unsupported_negative_claim_neutralized_no_supported_genre,Raw V2 asserted a negative preference although deterministic evidence was weak_or_ambiguous and supported no negative genre.,True,False,119,72,47,True,grounding_narrow_or_neutralize;remove_additional_negative_or_abstention_span
88049,weak_or_ambiguous,extra_forced_negative_or_duplicate_abstention_removed,Raw V2 filled an additional negative/other-viewer slot after the one licensed negative statement; the extra span was removed.,True,False,107,75,32,True,remove_additional_negative_or_abstention_span
88203,supported_negative,inappropriate_abstention_despite_supported_negative_genre,Raw V2 abstained even though deterministic repeated rating evidence supported the narrow negative genre set ['Romance'].,True,False,111,90,21,False,abstention_to_supported_negative;remove_additional_negative_or_abstention_span
88315,weak_or_ambiguous,extra_forced_negative_or_duplicate_abstention_removed,Raw V2 filled an additional negative/other-viewer slot after the one licensed negative statement; the extra span was removed.,True,False,117,79,38,True,remove_additional_negative_or_abstention_span
88573,weak_or_ambiguous,extra_forced_negative_or_duplicate_abstention_removed,Raw V2 filled an additional negative/other-viewer slot after the one licensed negative statement; the extra span was removed.,True,False,99,60,39,True,format_add_summary_prefix;remove_additional_negative_or_abstention_span
88788,weak_or_ambiguous,extra_forced_negative_or_duplicate_abstention_removed,Raw V2 filled an additional negative/other-viewer slot after the one licensed negative statement; the extra span was removed.,True,False,90,76,14,False,remove_additional_negative_or_abstention_span
88907,weak_or_ambiguous,unsupported_negative_claim_neutralized_no_supported_genre,Raw V2 asserted a negative preference although deterministic evidence was weak_or_ambiguous and supported no negative genre.,True,False,89,73,16,False,grounding_narrow_or_neutralize
88988,weak_or_ambiguous,extra_forced_negative_or_duplicate_abstention_removed,Raw V2 filled an additional negative/other-viewer slot after the one licensed negative statement; the extra span was removed.,True,False,138,101,37,True,remove_additional_negative_or_abstention_span
89664,no_negative_evidence,formatting_only,Only deterministic prefix/placeholder/grammar normalization was needed.,False,True,122,123,-1,False,format_add_summary_prefix
89822,no_negative_evidence,extra_forced_negative_or_duplicate_abstention_removed,Raw V2 filled an additional negative/other-viewer slot after the one licensed negative statement; the extra span was removed.,True,False,93,75,18,False,remove_additional_negative_or_abstention_span
89876,supported_negative,extra_forced_negative_or_duplicate_abstention_removed,Raw V2 filled an additional negative/other-viewer slot after the one licensed negative statement; the extra span was removed.,True,False,116,80,36,True,remove_additional_negative_or_abstention_span
90255,weak_or_ambiguous,extra_forced_negative_or_duplicate_abstention_removed,Raw V2 filled an additional negative/other-viewer slot after the one licensed negative statement; the extra span was removed.,True,False,114,85,29,True,format_malformed_abstention_leadin;remove_additional_negative_or_abstention_span
90493,weak_or_ambiguous,extra_forced_negative_or_duplicate_abstention_removed,Raw V2 filled an additional negative/other-viewer slot after the one licensed negative statement; the extra span was removed.,True,False,112,70,42,True,format_add_summary_prefix;remove_additional_negative_or_abstention_span
90570,weak_or_ambiguous,extra_forced_negative_or_duplicate_abstention_removed,Raw V2 filled an additional negative/other-viewer slot after the one licensed negative statement; the extra span was removed.,True,False,142,101,41,True,format_malformed_abstention_leadin;remove_additional_negative_or_abstention_span
90600,weak_or_ambiguous,extra_forced_negative_or_duplicate_abstention_removed,Raw V2 filled an additional negative/other-viewer slot after the one licensed negative statement; the extra span was removed.,True,False,163,85,78,True,remove_additional_negative_or_abstention_span;remove_additional_negative_or_abstention_span
90803,weak_or_ambiguous,extra_forced_negative_or_duplicate_abstention_removed,Raw V2 filled an additional negative/other-viewer slot after the one licensed negative statement; the extra span was removed.,True,False,110,79,31,True,format_add_summary_prefix;remove_additional_negative_or_abstention_span
91250,weak_or_ambiguous,unsupported_negative_claim_neutralized_no_supported_genre,Raw V2 asserted a negative preference although deterministic evidence was weak_or_ambiguous and supported no negative genre.,True,False,113,65,48,True,format_add_summary_prefix;grounding_narrow_or_neutralize;remove_additional_negative_or_abstention_span
91622,supported_negative,overbroad_negative_claim_narrowed_to_supported_genres,"Raw V2 made a negative claim broader than the licensed genre evidence; the repair retained only ['Action', 'Adventure', 'Sci-Fi', 'Thriller'].",True,False,109,70,39,True,grounding_narrow_or_neutralize;remove_additional_negative_or_abstention_span
92409,supported_negative,inappropriate_abstention_despite_supported_negative_genre,Raw V2 abstained even though deterministic repeated rating evidence supported the narrow negative genre set ['Children'].,True,False,101,101,0,False,abstention_to_supported_negative
92423,supported_negative,overbroad_negative_claim_narrowed_to_supported_genres,"Raw V2 made a negative claim broader than the licensed genre evidence; the repair retained only ['Adventure', 'Crime', 'Drama', 'Fantasy', 'IMAX', 'Musical', 'Romance', 'Sci-Fi', 'Thriller'].",True,False,106,74,32,True,format_add_summary_prefix;grounding_narrow_or_neutralize
92503,weak_or_ambiguous,extra_forced_negative_or_duplicate_abstention_removed,Raw V2 filled an additional negative/other-viewer slot after the one licensed negative statement; the extra span was removed.,True,False,134,95,39,True,remove_additional_negative_or_abstention_span
92730,weak_or_ambiguous,extra_forced_negative_or_duplicate_abstention_removed,Raw V2 filled an additional negative/other-viewer slot after the one licensed negative statement; the extra span was removed.,True,False,112,88,24,True,format_add_summary_prefix;remove_additional_negative_or_abstention_span
92810,supported_negative,inappropriate_abstention_despite_supported_negative_genre,Raw V2 abstained even though deterministic repeated rating evidence supported the narrow negative genre set ['Sci-Fi'].,True,False,131,76,55,True,abstention_to_supported_negative;remove_additional_negative_or_abstention_span
92811,weak_or_ambiguous,unsupported_negative_claim_neutralized_no_supported_genre,Raw V2 asserted a negative preference although deterministic evidence was weak_or_ambiguous and supported no negative genre.,True,False,130,64,66,True,grounding_narrow_or_neutralize;remove_additional_negative_or_abstention_span
92992,weak_or_ambiguous,extra_forced_negative_or_duplicate_abstention_removed,Raw V2 filled an additional negative/other-viewer slot after the one licensed negative statement; the extra span was removed.,True,False,89,69,20,True,remove_additional_negative_or_abstention_span
93060,weak_or_ambiguous,extra_forced_negative_or_duplicate_abstention_removed,Raw V2 filled an additional negative/other-viewer slot after the one licensed negative statement; the extra span was removed.,True,False,77,52,25,True,remove_additional_negative_or_abstention_span
93084,no_negative_evidence,unsupported_negative_claim_neutralized_no_supported_genre,Raw V2 asserted a negative preference although deterministic evidence was no_negative_evidence and supported no negative genre.,True,False,103,79,24,True,grounding_narrow_or_neutralize;remove_additional_negative_or_abstention_span
93490,weak_or_ambiguous,extra_forced_negative_or_duplicate_abstention_removed,Raw V2 filled an additional negative/other-viewer slot after the one licensed negative statement; the extra span was removed.,True,False,118,77,41,True,format_add_summary_prefix;remove_additional_negative_or_abstention_span
93705,supported_negative,inappropriate_abstention_despite_supported_negative_genre,"Raw V2 abstained even though deterministic repeated rating evidence supported the narrow negative genre set ['Action', 'Horror'].",True,False,85,88,-3,False,abstention_to_supported_negative
93767,weak_or_ambiguous,extra_forced_negative_or_duplicate_abstention_removed,Raw V2 filled an additional negative/other-viewer slot after the one licensed negative statement; the extra span was removed.,True,False,120,77,43,True,remove_additional_negative_or_abstention_span;remove_additional_negative_or_abstention_span
95059,supported_negative,overbroad_negative_claim_narrowed_to_supported_genres,"Raw V2 made a negative claim broader than the licensed genre evidence; the repair retained only ['Action', 'Adventure', 'Horror', 'Sci-Fi'].",True,False,123,89,34,True,grounding_narrow_or_neutralize;remove_additional_negative_or_abstention_span
95289,weak_or_ambiguous,formatting_only,Only deterministic prefix/placeholder/grammar normalization was needed.,False,True,75,76,-1,False,format_add_summary_prefix
95433,weak_or_ambiguous,extra_forced_negative_or_duplicate_abstention_removed,Raw V2 filled an additional negative/other-viewer slot after the one licensed negative statement; the extra span was removed.,True,False,106,67,39,True,format_add_summary_prefix;remove_additional_negative_or_abstention_span
95668,supported_negative,overbroad_negative_claim_narrowed_to_supported_genres,Raw V2 made a negative claim broader than the licensed genre evidence; the repair retained only ['Horror'].,True,False,113,73,40,True,grounding_narrow_or_neutralize;remove_additional_negative_or_abstention_span
95865,weak_or_ambiguous,extra_forced_negative_or_duplicate_abstention_removed,Raw V2 filled an additional negative/other-viewer slot after the one licensed negative statement; the extra span was removed.,True,False,131,102,29,True,remove_additional_negative_or_abstention_span
95905,weak_or_ambiguous,extra_forced_negative_or_duplicate_abstention_removed,Raw V2 filled an additional negative/other-viewer slot after the one licensed negative statement; the extra span was removed.,True,False,90,65,25,True,remove_additional_negative_or_abstention_span
96186,weak_or_ambiguous,extra_forced_negative_or_duplicate_abstention_removed,Raw V2 filled an additional negative/other-viewer slot after the one licensed negative statement; the extra span was removed.,True,False,105,90,15,False,remove_additional_negative_or_abstention_span
96233,weak_or_ambiguous,unsupported_negative_claim_neutralized_no_supported_genre,Raw V2 asserted a negative preference although deterministic evidence was weak_or_ambiguous and supported no negative genre.,True,False,118,84,34,True,grounding_narrow_or_neutralize
96496,supported_negative,inappropriate_abstention_despite_supported_negative_genre,Raw V2 abstained even though deterministic repeated rating evidence supported the narrow negative genre set ['War'].,True,False,120,93,27,True,format_add_summary_prefix;abstention_to_supported_negative;remove_additional_negative_or_abstention_span
96497,weak_or_ambiguous,formatting_only,Only deterministic prefix/placeholder/grammar normalization was needed.,False,True,107,108,-1,False,format_add_summary_prefix
96866,supported_negative,inappropriate_abstention_despite_supported_negative_genre,Raw V2 abstained even though deterministic repeated rating evidence supported the narrow negative genre set ['Fantasy'].,True,False,115,115,0,False,abstention_to_supported_negative
97272,supported_negative,inappropriate_abstention_despite_supported_negative_genre,Raw V2 abstained even though deterministic repeated rating evidence supported the narrow negative genre set ['Action'].,True,False,95,95,0,False,abstention_to_supported_negative
97582,weak_or_ambiguous,formatting_only,Only deterministic prefix/placeholder/grammar normalization was needed.,False,True,65,66,-1,False,format_add_summary_prefix
98008,weak_or_ambiguous,extra_forced_negative_or_duplicate_abstention_removed,Raw V2 filled an additional negative/other-viewer slot after the one licensed negative statement; the extra span was removed.,True,False,129,106,23,False,remove_additional_negative_or_abstention_span
98310,weak_or_ambiguous,extra_forced_negative_or_duplicate_abstention_removed,Raw V2 filled an additional negative/other-viewer slot after the one licensed negative statement; the extra span was removed.,True,False,118,74,44,True,remove_additional_negative_or_abstention_span
98318,weak_or_ambiguous,extra_forced_negative_or_duplicate_abstention_removed,Raw V2 filled an additional negative/other-viewer slot after the one licensed negative statement; the extra span was removed.,True,False,125,81,44,True,remove_additional_negative_or_abstention_span
98331,supported_negative,overbroad_negative_claim_narrowed_to_supported_genres,"Raw V2 made a negative claim broader than the licensed genre evidence; the repair retained only ['Action', 'Comedy', 'Crime', 'Drama', 'Fantasy', 'Horror', 'Mystery', 'Romance', 'Sci-Fi', 'Thriller', 'War'].",True,False,158,101,57,True,grounding_narrow_or_neutralize;remove_additional_negative_or_abstention_span
99002,weak_or_ambiguous,extra_forced_negative_or_duplicate_abstention_removed,Raw V2 filled an additional negative/other-viewer slot after the one licensed negative statement; the extra span was removed.,True,False,113,79,34,True,format_add_summary_prefix;remove_additional_negative_or_abstention_span
99414,weak_or_ambiguous,extra_forced_negative_or_duplicate_abstention_removed,Raw V2 filled an additional negative/other-viewer slot after the one licensed negative statement; the extra span was removed.,True,False,129,118,11,False,remove_additional_negative_or_abstention_span
99479,weak_or_ambiguous,extra_forced_negative_or_duplicate_abstention_removed,Raw V2 filled an additional negative/other-viewer slot after the one licensed negative statement; the extra span was removed.,True,False,148,114,34,True,remove_additional_negative_or_abstention_span
99605,no_negative_evidence,formatting_only,Only deterministic prefix/placeholder/grammar normalization was needed.,False,True,97,98,-1,False,format_add_summary_prefix
99900,weak_or_ambiguous,extra_forced_negative_or_duplicate_abstention_removed,Raw V2 filled an additional negative/other-viewer slot after the one licensed negative statement; the extra span was removed.,True,False,109,90,19,False,remove_additional_negative_or_abstention_span
99964,weak_or_ambiguous,extra_forced_negative_or_duplicate_abstention_removed,Raw V2 filled an additional negative/other-viewer slot after the one licensed negative statement; the extra span was removed.,True,False,135,98,37,True,remove_additional_negative_or_abstention_span
100048,weak_or_ambiguous,extra_forced_negative_or_duplicate_abstention_removed,Raw V2 filled an additional negative/other-viewer slot after the one licensed negative statement; the extra span was removed.,True,False,118,67,51,True,remove_additional_negative_or_abstention_span
100340,weak_or_ambiguous,extra_forced_negative_or_duplicate_abstention_removed,Raw V2 filled an additional negative/other-viewer slot after the one licensed negative statement; the extra span was removed.,True,False,114,81,33,True,remove_additional_negative_or_abstention_span
100873,weak_or_ambiguous,unsupported_negative_claim_neutralized_no_supported_genre,Raw V2 asserted a negative preference although deterministic evidence was weak_or_ambiguous and supported no negative genre.,True,False,157,95,62,True,grounding_narrow_or_neutralize;remove_additional_negative_or_abstention_span
100925,supported_negative,inappropriate_abstention_despite_supported_negative_genre,"Raw V2 abstained even though deterministic repeated rating evidence supported the narrow negative genre set ['Action', 'Crime', 'Fantasy', 'Musical', 'Mystery', 'Sci-Fi', 'Thriller'].",True,False,140,80,60,True,abstention_to_supported_negative;remove_additional_negative_or_abstention_span;remove_additional_negative_or_abstention_span
101518,weak_or_ambiguous,extra_forced_negative_or_duplicate_abstention_removed,Raw V2 filled an additional negative/other-viewer slot after the one licensed negative statement; the extra span was removed.,True,False,159,116,43,True,remove_additional_negative_or_abstention_span
101579,weak_or_ambiguous,extra_forced_negative_or_duplicate_abstention_removed,Raw V2 filled an additional negative/other-viewer slot after the one licensed negative statement; the extra span was removed.,True,False,110,76,34,True,format_add_summary_prefix;remove_additional_negative_or_abstention_span;remove_additional_negative_or_abstention_span
101582,weak_or_ambiguous,extra_forced_negative_or_duplicate_abstention_removed,Raw V2 filled an additional negative/other-viewer slot after the one licensed negative statement; the extra span was removed.,True,False,107,74,33,True,remove_additional_negative_or_abstention_span
101689,weak_or_ambiguous,extra_forced_negative_or_duplicate_abstention_removed,Raw V2 filled an additional negative/other-viewer slot after the one licensed negative statement; the extra span was removed.,True,False,98,63,35,True,format_add_summary_prefix;remove_additional_negative_or_abstention_span
102182,no_negative_evidence,formatting_only,Only deterministic prefix/placeholder/grammar normalization was needed.,False,True,87,82,5,False,format_malformed_abstention_leadin
102220,weak_or_ambiguous,extra_forced_negative_or_duplicate_abstention_removed,Raw V2 filled an additional negative/other-viewer slot after the one licensed negative statement; the extra span was removed.,True,False,107,69,38,True,format_add_summary_prefix;remove_additional_negative_or_abstention_span
102499,weak_or_ambiguous,extra_forced_negative_or_duplicate_abstention_removed,Raw V2 filled an additional negative/other-viewer slot after the one licensed negative statement; the extra span was removed.,True,False,113,83,30,True,remove_additional_negative_or_abstention_span
102578,supported_negative,overbroad_negative_claim_narrowed_to_supported_genres,"Raw V2 made a negative claim broader than the licensed genre evidence; the repair retained only ['Animation', 'Children'].",True,False,111,63,48,True,grounding_narrow_or_neutralize;remove_additional_negative_or_abstention_span
102629,supported_negative,overbroad_negative_claim_narrowed_to_supported_genres,"Raw V2 made a negative claim broader than the licensed genre evidence; the repair retained only ['Adventure', 'Comedy', 'Fantasy', 'IMAX'].",True,False,80,72,8,False,grounding_narrow_or_neutralize
102632,weak_or_ambiguous,formatting_only,Only deterministic prefix/placeholder/grammar normalization was needed.,False,True,78,73,5,False,format_malformed_abstention_leadin
102689,weak_or_ambiguous,unsupported_negative_claim_neutralized_no_supported_genre,Raw V2 asserted a negative preference although deterministic evidence was weak_or_ambiguous and supported no negative genre.,True,False,90,59,31,True,grounding_narrow_or_neutralize;remove_additional_negative_or_abstention_span
102896,supported_negative,inappropriate_abstention_despite_supported_negative_genre,"Raw V2 abstained even though deterministic repeated rating evidence supported the narrow negative genre set ['Adventure', 'Fantasy'].",True,False,120,78,42,True,format_add_summary_prefix;abstention_to_supported_negative;remove_additional_negative_or_abstention_span
103025,weak_or_ambiguous,extra_forced_negative_or_duplicate_abstention_removed,Raw V2 filled an additional negative/other-viewer slot after the one licensed negative statement; the extra span was removed.,True,False,112,77,35,True,format_add_summary_prefix;remove_additional_negative_or_abstention_span
103312,weak_or_ambiguous,extra_forced_negative_or_duplicate_abstention_removed,Raw V2 filled an additional negative/other-viewer slot after the one licensed negative statement; the extra span was removed.,True,False,129,91,38,True,remove_additional_negative_or_abstention_span
103936,weak_or_ambiguous,extra_forced_negative_or_duplicate_abstention_removed,Raw V2 filled an additional negative/other-viewer slot after the one licensed negative statement; the extra span was removed.,True,False,138,99,39,True,remove_additional_negative_or_abstention_span
104074,weak_or_ambiguous,extra_forced_negative_or_duplicate_abstention_removed,Raw V2 filled an additional negative/other-viewer slot after the one licensed negative statement; the extra span was removed.,True,False,122,95,27,True,remove_additional_negative_or_abstention_span
104306,weak_or_ambiguous,extra_forced_negative_or_duplicate_abstention_removed,Raw V2 filled an additional negative/other-viewer slot after the one licensed negative statement; the extra span was removed.,True,False,160,122,38,True,remove_additional_negative_or_abstention_span
104519,supported_negative,overbroad_negative_claim_narrowed_to_supported_genres,Raw V2 made a negative claim broader than the licensed genre evidence; the repair retained only ['Adventure'].,True,False,128,92,36,True,grounding_narrow_or_neutralize;remove_additional_negative_or_abstention_span
105896,weak_or_ambiguous,unsupported_negative_claim_neutralized_no_supported_genre,Raw V2 asserted a negative preference although deterministic evidence was weak_or_ambiguous and supported no negative genre.,True,False,117,72,45,True,grounding_narrow_or_neutralize;remove_additional_negative_or_abstention_span
106044,supported_negative,overbroad_negative_claim_narrowed_to_supported_genres,Raw V2 made a negative claim broader than the licensed genre evidence; the repair retained only ['Action'].,True,False,156,122,34,True,format_add_summary_prefix;grounding_narrow_or_neutralize
107140,weak_or_ambiguous,extra_forced_negative_or_duplicate_abstention_removed,Raw V2 filled an additional negative/other-viewer slot after the one licensed negative statement; the extra span was removed.,True,False,128,101,27,True,remove_additional_negative_or_abstention_span
107212,weak_or_ambiguous,extra_forced_negative_or_duplicate_abstention_removed,Raw V2 filled an additional negative/other-viewer slot after the one licensed negative statement; the extra span was removed.,True,False,86,75,11,False,remove_additional_negative_or_abstention_span
107238,weak_or_ambiguous,unsupported_negative_claim_neutralized_no_supported_genre,Raw V2 asserted a negative preference although deterministic evidence was weak_or_ambiguous and supported no negative genre.,True,False,141,85,56,True,grounding_narrow_or_neutralize;remove_additional_negative_or_abstention_span
107628,weak_or_ambiguous,formatting_only,Only deterministic prefix/placeholder/grammar normalization was needed.,False,True,87,88,-1,False,format_add_summary_prefix
107719,weak_or_ambiguous,unsupported_negative_claim_neutralized_no_supported_genre,Raw V2 asserted a negative preference although deterministic evidence was weak_or_ambiguous and supported no negative genre.,True,False,108,67,41,True,grounding_narrow_or_neutralize;remove_additional_negative_or_abstention_span
107735,supported_negative,overbroad_negative_claim_narrowed_to_supported_genres,Raw V2 made a negative claim broader than the licensed genre evidence; the repair retained only ['Animation'].,True,False,99,73,26,True,grounding_narrow_or_neutralize;remove_additional_negative_or_abstention_span
107794,weak_or_ambiguous,extra_forced_negative_or_duplicate_abstention_removed,Raw V2 filled an additional negative/other-viewer slot after the one licensed negative statement; the extra span was removed.,True,False,151,131,20,False,remove_additional_negative_or_abstention_span
107991,weak_or_ambiguous,extra_forced_negative_or_duplicate_abstention_removed,Raw V2 filled an additional negative/other-viewer slot after the one licensed negative statement; the extra span was removed.,True,False,106,71,35,True,format_add_summary_prefix;remove_additional_negative_or_abstention_span
108519,supported_negative,overbroad_negative_claim_narrowed_to_supported_genres,"Raw V2 made a negative claim broader than the licensed genre evidence; the repair retained only ['Children', 'Fantasy', 'Horror', 'Romance'].",True,False,113,74,39,True,grounding_narrow_or_neutralize;remove_additional_negative_or_abstention_span
108829,weak_or_ambiguous,extra_forced_negative_or_duplicate_abstention_removed,Raw V2 filled an additional negative/other-viewer slot after the one licensed negative statement; the extra span was removed.,True,False,107,96,11,False,remove_additional_negative_or_abstention_span
108876,weak_or_ambiguous,unsupported_negative_claim_neutralized_no_supported_genre,Raw V2 asserted a negative preference although deterministic evidence was weak_or_ambiguous and supported no negative genre.,True,False,111,82,29,True,format_add_summary_prefix;grounding_narrow_or_neutralize
108930,weak_or_ambiguous,extra_forced_negative_or_duplicate_abstention_removed,Raw V2 filled an additional negative/other-viewer slot after the one licensed negative statement; the extra span was removed.,True,False,130,91,39,True,remove_additional_negative_or_abstention_span
109101,supported_negative,inappropriate_abstention_despite_supported_negative_genre,Raw V2 abstained even though deterministic repeated rating evidence supported the narrow negative genre set ['War'].,True,False,118,80,38,True,format_add_summary_prefix;abstention_to_supported_negative;remove_additional_negative_or_abstention_span
109136,supported_negative,overbroad_negative_claim_narrowed_to_supported_genres,"Raw V2 made a negative claim broader than the licensed genre evidence; the repair retained only ['Horror', 'Sci-Fi'].",True,False,118,76,42,True,grounding_narrow_or_neutralize;remove_additional_negative_or_abstention_span
109488,weak_or_ambiguous,extra_forced_negative_or_duplicate_abstention_removed,Raw V2 filled an additional negative/other-viewer slot after the one licensed negative statement; the extra span was removed.,True,False,102,86,16,False,remove_additional_negative_or_abstention_span
109502,no_negative_evidence,extra_forced_negative_or_duplicate_abstention_removed,Raw V2 filled an additional negative/other-viewer slot after the one licensed negative statement; the extra span was removed.,True,False,107,96,11,False,remove_additional_negative_or_abstention_span
109621,no_negative_evidence,extra_forced_negative_or_duplicate_abstention_removed,Raw V2 filled an additional negative/other-viewer slot after the one licensed negative statement; the extra span was removed.,True,False,139,99,40,True,remove_additional_negative_or_abstention_span
109735,weak_or_ambiguous,extra_forced_negative_or_duplicate_abstention_removed,Raw V2 filled an additional negative/other-viewer slot after the one licensed negative statement; the extra span was removed.,True,False,122,87,35,True,remove_additional_negative_or_abstention_span
109839,weak_or_ambiguous,extra_forced_negative_or_duplicate_abstention_removed,Raw V2 filled an additional negative/other-viewer slot after the one licensed negative statement; the extra span was removed.,True,False,102,79,23,True,remove_additional_negative_or_abstention_span
110518,weak_or_ambiguous,unsupported_negative_claim_neutralized_no_supported_genre,Raw V2 asserted a negative preference although deterministic evidence was weak_or_ambiguous and supported no negative genre.,True,False,119,103,16,False,grounding_narrow_or_neutralize
110549,weak_or_ambiguous,extra_forced_negative_or_duplicate_abstention_removed,Raw V2 filled an additional negative/other-viewer slot after the one licensed negative statement; the extra span was removed.,True,False,114,88,26,True,remove_additional_negative_or_abstention_span
110760,weak_or_ambiguous,extra_forced_negative_or_duplicate_abstention_removed,Raw V2 filled an additional negative/other-viewer slot after the one licensed negative statement; the extra span was removed.,True,False,115,84,31,True,remove_additional_negative_or_abstention_span
111189,weak_or_ambiguous,unsupported_negative_claim_neutralized_no_supported_genre,Raw V2 asserted a negative preference although deterministic evidence was weak_or_ambiguous and supported no negative genre.,True,False,118,70,48,True,format_add_summary_prefix;grounding_narrow_or_neutralize;remove_additional_negative_or_abstention_span
111263,weak_or_ambiguous,extra_forced_negative_or_duplicate_abstention_removed,Raw V2 filled an additional negative/other-viewer slot after the one licensed negative statement; the extra span was removed.,True,False,156,131,25,False,remove_additional_negative_or_abstention_span
111300,weak_or_ambiguous,extra_forced_negative_or_duplicate_abstention_removed,Raw V2 filled an additional negative/other-viewer slot after the one licensed negative statement; the extra span was removed.,True,False,182,124,58,True,format_malformed_abstention_leadin;remove_additional_negative_or_abstention_span
111441,weak_or_ambiguous,unsupported_negative_claim_neutralized_no_supported_genre,Raw V2 asserted a negative preference although deterministic evidence was weak_or_ambiguous and supported no negative genre.,True,False,110,73,37,True,grounding_narrow_or_neutralize;remove_additional_negative_or_abstention_span
111641,weak_or_ambiguous,extra_forced_negative_or_duplicate_abstention_removed,Raw V2 filled an additional negative/other-viewer slot after the one licensed negative statement; the extra span was removed.,True,False,142,91,51,True,remove_additional_negative_or_abstention_span
112026,weak_or_ambiguous,extra_forced_negative_or_duplicate_abstention_removed,Raw V2 filled an additional negative/other-viewer slot after the one licensed negative statement; the extra span was removed.,True,False,117,80,37,True,remove_additional_negative_or_abstention_span
112070,weak_or_ambiguous,extra_forced_negative_or_duplicate_abstention_removed,Raw V2 filled an additional negative/other-viewer slot after the one licensed negative statement; the extra span was removed.,True,False,115,105,10,False,format_add_summary_prefix;remove_additional_negative_or_abstention_span
112287,weak_or_ambiguous,extra_forced_negative_or_duplicate_abstention_removed,Raw V2 filled an additional negative/other-viewer slot after the one licensed negative statement; the extra span was removed.,True,False,109,92,17,False,remove_additional_negative_or_abstention_span
112744,supported_negative,overbroad_negative_claim_narrowed_to_supported_genres,Raw V2 made a negative claim broader than the licensed genre evidence; the repair retained only ['War'].,True,False,111,70,41,True,grounding_narrow_or_neutralize;remove_additional_negative_or_abstention_span
112915,weak_or_ambiguous,extra_forced_negative_or_duplicate_abstention_removed,Raw V2 filled an additional negative/other-viewer slot after the one licensed negative statement; the extra span was removed.,True,False,118,81,37,True,format_add_summary_prefix;remove_additional_negative_or_abstention_span
112916,weak_or_ambiguous,extra_forced_negative_or_duplicate_abstention_removed,Raw V2 filled an additional negative/other-viewer slot after the one licensed negative statement; the extra span was removed.,True,False,108,78,30,True,remove_additional_negative_or_abstention_span
113111,weak_or_ambiguous,extra_forced_negative_or_duplicate_abstention_removed,Raw V2 filled an additional negative/other-viewer slot after the one licensed negative statement; the extra span was removed.,True,False,99,86,13,False,remove_additional_negative_or_abstention_span
113295,supported_negative,overbroad_negative_claim_narrowed_to_supported_genres,"Raw V2 made a negative claim broader than the licensed genre evidence; the repair retained only ['Action', 'Thriller'].",True,False,108,64,44,True,grounding_narrow_or_neutralize;remove_additional_negative_or_abstention_span
113311,weak_or_ambiguous,extra_forced_negative_or_duplicate_abstention_removed,Raw V2 filled an additional negative/other-viewer slot after the one licensed negative statement; the extra span was removed.,True,False,122,95,27,True,remove_additional_negative_or_abstention_span
114176,supported_negative,extra_forced_negative_or_duplicate_abstention_removed,Raw V2 filled an additional negative/other-viewer slot after the one licensed negative statement; the extra span was removed.,True,False,130,107,23,False,remove_additional_negative_or_abstention_span
114315,no_negative_evidence,extra_forced_negative_or_duplicate_abstention_removed,Raw V2 filled an additional negative/other-viewer slot after the one licensed negative statement; the extra span was removed.,True,False,164,126,38,True,format_add_summary_prefix;remove_additional_negative_or_abstention_span
114372,supported_negative,overbroad_negative_claim_narrowed_to_supported_genres,"Raw V2 made a negative claim broader than the licensed genre evidence; the repair retained only ['Action', 'Adventure', 'Crime', 'Sci-Fi', 'Thriller'].",True,False,109,63,46,True,grounding_narrow_or_neutralize;remove_additional_negative_or_abstention_span
114840,supported_negative,overbroad_negative_claim_narrowed_to_supported_genres,"Raw V2 made a negative claim broader than the licensed genre evidence; the repair retained only ['Action', 'Romance', 'Sci-Fi', 'War'].",True,False,118,88,30,True,grounding_narrow_or_neutralize;remove_additional_negative_or_abstention_span
114958,weak_or_ambiguous,unsupported_negative_claim_neutralized_no_supported_genre,Raw V2 asserted a negative preference although deterministic evidence was weak_or_ambiguous and supported no negative genre.,True,False,80,56,24,True,grounding_narrow_or_neutralize;remove_additional_negative_or_abstention_span
115192,no_negative_evidence,extra_forced_negative_or_duplicate_abstention_removed,Raw V2 filled an additional negative/other-viewer slot after the one licensed negative statement; the extra span was removed.,True,False,87,60,27,True,format_add_summary_prefix;remove_additional_negative_or_abstention_span
115286,weak_or_ambiguous,extra_forced_negative_or_duplicate_abstention_removed,Raw V2 filled an additional negative/other-viewer slot after the one licensed negative statement; the extra span was removed.,True,False,138,97,41,True,remove_additional_negative_or_abstention_span
115745,weak_or_ambiguous,unsupported_negative_claim_neutralized_no_supported_genre,Raw V2 asserted a negative preference although deterministic evidence was weak_or_ambiguous and supported no negative genre.,True,False,135,91,44,True,grounding_narrow_or_neutralize;remove_additional_negative_or_abstention_span
115773,supported_negative,overbroad_negative_claim_narrowed_to_supported_genres,"Raw V2 made a negative claim broader than the licensed genre evidence; the repair retained only ['Action', 'Sci-Fi'].",True,False,97,69,28,True,format_add_summary_prefix;grounding_narrow_or_neutralize
116074,no_negative_evidence,extra_forced_negative_or_duplicate_abstention_removed,Raw V2 filled an additional negative/other-viewer slot after the one licensed negative statement; the extra span was removed.,True,False,110,80,30,True,remove_additional_negative_or_abstention_span
116744,weak_or_ambiguous,extra_forced_negative_or_duplicate_abstention_removed,Raw V2 filled an additional negative/other-viewer slot after the one licensed negative statement; the extra span was removed.,True,False,130,102,28,True,remove_additional_negative_or_abstention_span
117251,weak_or_ambiguous,extra_forced_negative_or_duplicate_abstention_removed,Raw V2 filled an additional negative/other-viewer slot after the one licensed negative statement; the extra span was removed.,True,False,116,93,23,False,remove_additional_negative_or_abstention_span
117712,weak_or_ambiguous,unsupported_negative_claim_neutralized_no_supported_genre,Raw V2 asserted a negative preference although deterministic evidence was weak_or_ambiguous and supported no negative genre.,True,False,97,73,24,True,grounding_narrow_or_neutralize
117887,weak_or_ambiguous,unsupported_negative_claim_neutralized_no_supported_genre,Raw V2 asserted a negative preference although deterministic evidence was weak_or_ambiguous and supported no negative genre.,True,False,123,82,41,True,grounding_narrow_or_neutralize;remove_additional_negative_or_abstention_span
117951,weak_or_ambiguous,extra_forced_negative_or_duplicate_abstention_removed,Raw V2 filled an additional negative/other-viewer slot after the one licensed negative statement; the extra span was removed.,True,False,134,83,51,True,remove_additional_negative_or_abstention_span
118024,weak_or_ambiguous,extra_forced_negative_or_duplicate_abstention_removed,Raw V2 filled an additional negative/other-viewer slot after the one licensed negative statement; the extra span was removed.,True,False,112,86,26,True,remove_additional_negative_or_abstention_span
118575,weak_or_ambiguous,extra_forced_negative_or_duplicate_abstention_removed,Raw V2 filled an additional negative/other-viewer slot after the one licensed negative statement; the extra span was removed.,True,False,117,94,23,False,remove_additional_negative_or_abstention_span
118834,supported_negative,inappropriate_abstention_despite_supported_negative_genre,"Raw V2 abstained even though deterministic repeated rating evidence supported the narrow negative genre set ['Action', 'Adventure', 'Western'].",True,False,82,86,-4,False,abstention_to_supported_negative
118845,weak_or_ambiguous,extra_forced_negative_or_duplicate_abstention_removed,Raw V2 filled an additional negative/other-viewer slot after the one licensed negative statement; the extra span was removed.,True,False,153,115,38,True,format_add_summary_prefix;remove_additional_negative_or_abstention_span
118952,weak_or_ambiguous,extra_forced_negative_or_duplicate_abstention_removed,Raw V2 filled an additional negative/other-viewer slot after the one licensed negative statement; the extra span was removed.,True,False,138,97,41,True,format_add_summary_prefix;remove_additional_negative_or_abstention_span
118957,no_negative_evidence,extra_forced_negative_or_duplicate_abstention_removed,Raw V2 filled an additional negative/other-viewer slot after the one licensed negative statement; the extra span was removed.,True,False,108,81,27,True,remove_additional_negative_or_abstention_span
119030,weak_or_ambiguous,formatting_only,Only deterministic prefix/placeholder/grammar normalization was needed.,False,True,101,102,-1,False,format_add_summary_prefix
119929,no_negative_evidence,extra_forced_negative_or_duplicate_abstention_removed,Raw V2 filled an additional negative/other-viewer slot after the one licensed negative statement; the extra span was removed.,True,False,107,74,33,True,format_add_summary_prefix;remove_additional_negative_or_abstention_span
120193,weak_or_ambiguous,extra_forced_negative_or_duplicate_abstention_removed,Raw V2 filled an additional negative/other-viewer slot after the one licensed negative statement; the extra span was removed.,True,False,140,95,45,True,remove_additional_negative_or_abstention_span
120410,supported_negative,inappropriate_abstention_despite_supported_negative_genre,"Raw V2 abstained even though deterministic repeated rating evidence supported the narrow negative genre set ['Action', 'Thriller'].",True,False,125,76,49,True,abstention_to_supported_negative;remove_additional_negative_or_abstention_span
120638,weak_or_ambiguous,extra_forced_negative_or_duplicate_abstention_removed,Raw V2 filled an additional negative/other-viewer slot after the one licensed negative statement; the extra span was removed.,True,False,126,105,21,False,remove_additional_negative_or_abstention_span
120663,supported_negative,inappropriate_abstention_despite_supported_negative_genre,Raw V2 abstained even though deterministic repeated rating evidence supported the narrow negative genre set ['Comedy'].,True,False,95,58,37,True,format_add_summary_prefix;abstention_to_supported_negative;remove_additional_negative_or_abstention_span
121047,no_negative_evidence,formatting_only,Only deterministic prefix/placeholder/grammar normalization was needed.,False,True,78,73,5,False,format_malformed_abstention_leadin
121278,weak_or_ambiguous,unsupported_negative_claim_neutralized_no_supported_genre,Raw V2 asserted a negative preference although deterministic evidence was weak_or_ambiguous and supported no negative genre.,True,False,134,95,39,True,grounding_narrow_or_neutralize;remove_additional_negative_or_abstention_span
121284,no_negative_evidence,extra_forced_negative_or_duplicate_abstention_removed,Raw V2 filled an additional negative/other-viewer slot after the one licensed negative statement; the extra span was removed.,True,False,161,102,59,True,remove_additional_negative_or_abstention_span
121300,weak_or_ambiguous,extra_forced_negative_or_duplicate_abstention_removed,Raw V2 filled an additional negative/other-viewer slot after the one licensed negative statement; the extra span was removed.,True,False,103,77,26,True,remove_additional_negative_or_abstention_span
122171,weak_or_ambiguous,extra_forced_negative_or_duplicate_abstention_removed,Raw V2 filled an additional negative/other-viewer slot after the one licensed negative statement; the extra span was removed.,True,False,120,93,27,True,remove_additional_negative_or_abstention_span
122418,weak_or_ambiguous,unsupported_negative_claim_neutralized_no_supported_genre,Raw V2 asserted a negative preference although deterministic evidence was weak_or_ambiguous and supported no negative genre.,True,False,110,67,43,True,grounding_narrow_or_neutralize;remove_additional_negative_or_abstention_span
122860,no_negative_evidence,formatting_only,Only deterministic prefix/placeholder/grammar normalization was needed.,False,True,66,67,-1,False,format_add_summary_prefix
123090,weak_or_ambiguous,unsupported_negative_claim_neutralized_no_supported_genre,Raw V2 asserted a negative preference although deterministic evidence was weak_or_ambiguous and supported no negative genre.,True,False,134,87,47,True,grounding_narrow_or_neutralize;remove_additional_negative_or_abstention_span
123136,weak_or_ambiguous,extra_forced_negative_or_duplicate_abstention_removed,Raw V2 filled an additional negative/other-viewer slot after the one licensed negative statement; the extra span was removed.,True,False,113,70,43,True,remove_additional_negative_or_abstention_span
123651,weak_or_ambiguous,extra_forced_negative_or_duplicate_abstention_removed,Raw V2 filled an additional negative/other-viewer slot after the one licensed negative statement; the extra span was removed.,True,False,114,72,42,True,remove_additional_negative_or_abstention_span
123694,weak_or_ambiguous,extra_forced_negative_or_duplicate_abstention_removed,Raw V2 filled an additional negative/other-viewer slot after the one licensed negative statement; the extra span was removed.,True,False,115,75,40,True,remove_additional_negative_or_abstention_span
123724,supported_negative,inappropriate_abstention_despite_supported_negative_genre,Raw V2 abstained even though deterministic repeated rating evidence supported the narrow negative genre set ['Musical'].,True,False,117,68,49,True,abstention_to_supported_negative;remove_additional_negative_or_abstention_span
123761,weak_or_ambiguous,extra_forced_negative_or_duplicate_abstention_removed,Raw V2 filled an additional negative/other-viewer slot after the one licensed negative statement; the extra span was removed.,True,False,93,66,27,True,format_add_summary_prefix;remove_additional_negative_or_abstention_span
123930,weak_or_ambiguous,unsupported_negative_claim_neutralized_no_supported_genre,Raw V2 asserted a negative preference although deterministic evidence was weak_or_ambiguous and supported no negative genre.,True,False,100,62,38,True,grounding_narrow_or_neutralize;remove_additional_negative_or_abstention_span
123978,weak_or_ambiguous,extra_forced_negative_or_duplicate_abstention_removed,Raw V2 filled an additional negative/other-viewer slot after the one licensed negative statement; the extra span was removed.,True,False,115,79,36,True,remove_additional_negative_or_abstention_span
124000,weak_or_ambiguous,extra_forced_negative_or_duplicate_abstention_removed,Raw V2 filled an additional negative/other-viewer slot after the one licensed negative statement; the extra span was removed.,True,False,123,84,39,True,format_add_summary_prefix;remove_additional_negative_or_abstention_span
124059,weak_or_ambiguous,extra_forced_negative_or_duplicate_abstention_removed,Raw V2 filled an additional negative/other-viewer slot after the one licensed negative statement; the extra span was removed.,True,False,98,79,19,False,format_add_summary_prefix;remove_additional_negative_or_abstention_span
124152,supported_negative,overbroad_negative_claim_narrowed_to_supported_genres,"Raw V2 made a negative claim broader than the licensed genre evidence; the repair retained only ['Action', 'Adventure', 'Drama', 'Musical'].",True,False,161,111,50,True,grounding_narrow_or_neutralize;remove_additional_negative_or_abstention_span;remove_additional_negative_or_abstention_span
124194,supported_negative,inappropriate_abstention_despite_supported_negative_genre,"Raw V2 abstained even though deterministic repeated rating evidence supported the narrow negative genre set ['Action', 'Adventure', 'Drama', 'Fantasy', 'Romance', 'Sci-Fi', 'Thriller', 'Western'].",True,False,113,95,18,False,abstention_to_supported_negative;remove_additional_negative_or_abstention_span
124208,no_negative_evidence,extra_forced_negative_or_duplicate_abstention_removed,Raw V2 filled an additional negative/other-viewer slot after the one licensed negative statement; the extra span was removed.,True,False,113,72,41,True,remove_additional_negative_or_abstention_span
124313,weak_or_ambiguous,extra_forced_negative_or_duplicate_abstention_removed,Raw V2 filled an additional negative/other-viewer slot after the one licensed negative statement; the extra span was removed.,True,False,117,77,40,True,format_malformed_abstention_leadin;remove_additional_negative_or_abstention_span
124366,weak_or_ambiguous,extra_forced_negative_or_duplicate_abstention_removed,Raw V2 filled an additional negative/other-viewer slot after the one licensed negative statement; the extra span was removed.,True,False,108,80,28,True,remove_additional_negative_or_abstention_span
124569,weak_or_ambiguous,unsupported_negative_claim_neutralized_no_supported_genre,Raw V2 asserted a negative preference although deterministic evidence was weak_or_ambiguous and supported no negative genre.,True,False,131,75,56,True,grounding_narrow_or_neutralize;remove_additional_negative_or_abstention_span
124687,weak_or_ambiguous,formatting_only,Only deterministic prefix/placeholder/grammar normalization was needed.,False,True,72,73,-1,False,format_add_summary_prefix
125695,weak_or_ambiguous,unsupported_negative_claim_neutralized_no_supported_genre,Raw V2 asserted a negative preference although deterministic evidence was weak_or_ambiguous and supported no negative genre.,True,False,119,76,43,True,grounding_narrow_or_neutralize;remove_additional_negative_or_abstention_span
125696,no_negative_evidence,extra_forced_negative_or_duplicate_abstention_removed,Raw V2 filled an additional negative/other-viewer slot after the one licensed negative statement; the extra span was removed.,True,False,115,79,36,True,format_add_summary_prefix;remove_additional_negative_or_abstention_span
126123,weak_or_ambiguous,extra_forced_negative_or_duplicate_abstention_removed,Raw V2 filled an additional negative/other-viewer slot after the one licensed negative statement; the extra span was removed.,True,False,120,77,43,True,remove_additional_negative_or_abstention_span
126288,no_negative_evidence,extra_forced_negative_or_duplicate_abstention_removed,Raw V2 filled an additional negative/other-viewer slot after the one licensed negative statement; the extra span was removed.,True,False,126,95,31,True,remove_additional_negative_or_abstention_span
126769,supported_negative,overbroad_negative_claim_narrowed_to_supported_genres,"Raw V2 made a negative claim broader than the licensed genre evidence; the repair retained only ['Action', 'Adventure', 'Comedy', 'Crime', 'Drama', 'Romance', 'Sci-Fi', 'Thriller', 'War'].",True,False,134,35,99,True,format_add_summary_prefix;grounding_narrow_or_neutralize;remove_additional_negative_or_abstention_span;remove_additional_negative_or_abstention_span;remove_additional_negative_or_abstention_span
126843,supported_negative,inappropriate_abstention_despite_supported_negative_genre,"Raw V2 abstained even though deterministic repeated rating evidence supported the narrow negative genre set ['Comedy', 'Sci-Fi'].",True,False,123,78,45,True,abstention_to_supported_negative;remove_additional_negative_or_abstention_span
127222,weak_or_ambiguous,extra_forced_negative_or_duplicate_abstention_removed,Raw V2 filled an additional negative/other-viewer slot after the one licensed negative statement; the extra span was removed.,True,False,117,74,43,True,remove_additional_negative_or_abstention_span
127702,weak_or_ambiguous,formatting_only,Only deterministic prefix/placeholder/grammar normalization was needed.,False,True,101,96,5,False,format_malformed_abstention_leadin
127899,weak_or_ambiguous,extra_forced_negative_or_duplicate_abstention_removed,Raw V2 filled an additional negative/other-viewer slot after the one licensed negative statement; the extra span was removed.,True,False,179,130,49,True,remove_additional_negative_or_abstention_span;remove_additional_negative_or_abstention_span
128113,weak_or_ambiguous,extra_forced_negative_or_duplicate_abstention_removed,Raw V2 filled an additional negative/other-viewer slot after the one licensed negative statement; the extra span was removed.,True,False,138,93,45,True,remove_additional_negative_or_abstention_span
128212,weak_or_ambiguous,unsupported_negative_claim_neutralized_no_supported_genre,Raw V2 asserted a negative preference although deterministic evidence was weak_or_ambiguous and supported no negative genre.,True,False,131,92,39,True,grounding_narrow_or_neutralize
128503,weak_or_ambiguous,unsupported_negative_claim_neutralized_no_supported_genre,Raw V2 asserted a negative preference although deterministic evidence was weak_or_ambiguous and supported no negative genre.,True,False,137,88,49,True,format_add_summary_prefix;grounding_narrow_or_neutralize;remove_additional_negative_or_abstention_span
128743,weak_or_ambiguous,formatting_only,Only deterministic prefix/placeholder/grammar normalization was needed.,False,True,73,74,-1,False,format_add_summary_prefix
128893,weak_or_ambiguous,extra_forced_negative_or_duplicate_abstention_removed,Raw V2 filled an additional negative/other-viewer slot after the one licensed negative statement; the extra span was removed.,True,False,121,72,49,True,remove_additional_negative_or_abstention_span;remove_additional_negative_or_abstention_span
129065,weak_or_ambiguous,extra_forced_negative_or_duplicate_abstention_removed,Raw V2 filled an additional negative/other-viewer slot after the one licensed negative statement; the extra span was removed.,True,False,117,78,39,True,format_malformed_abstention_leadin;remove_additional_negative_or_abstention_span
129133,weak_or_ambiguous,unsupported_negative_claim_neutralized_no_supported_genre,Raw V2 asserted a negative preference although deterministic evidence was weak_or_ambiguous and supported no negative genre.,True,False,115,73,42,True,grounding_narrow_or_neutralize;remove_additional_negative_or_abstention_span
129255,supported_negative,overbroad_negative_claim_narrowed_to_supported_genres,"Raw V2 made a negative claim broader than the licensed genre evidence; the repair retained only ['Comedy', 'Thriller'].",True,False,108,75,33,True,format_add_summary_prefix;grounding_narrow_or_neutralize;remove_additional_negative_or_abstention_span
129790,weak_or_ambiguous,extra_forced_negative_or_duplicate_abstention_removed,Raw V2 filled an additional negative/other-viewer slot after the one licensed negative statement; the extra span was removed.,True,False,114,88,26,True,remove_additional_negative_or_abstention_span
130428,weak_or_ambiguous,extra_forced_negative_or_duplicate_abstention_removed,Raw V2 filled an additional negative/other-viewer slot after the one licensed negative statement; the extra span was removed.,True,False,106,67,39,True,format_add_summary_prefix;remove_additional_negative_or_abstention_span
130762,weak_or_ambiguous,extra_forced_negative_or_duplicate_abstention_removed,Raw V2 filled an additional negative/other-viewer slot after the one licensed negative statement; the extra span was removed.,True,False,102,80,22,True,remove_additional_negative_or_abstention_span
130897,supported_negative,overbroad_negative_claim_narrowed_to_supported_genres,Raw V2 made a negative claim broader than the licensed genre evidence; the repair retained only ['Horror'].,True,False,145,97,48,True,grounding_narrow_or_neutralize;remove_additional_negative_or_abstention_span
132266,weak_or_ambiguous,extra_forced_negative_or_duplicate_abstention_removed,Raw V2 filled an additional negative/other-viewer slot after the one licensed negative statement; the extra span was removed.,True,False,150,113,37,True,remove_additional_negative_or_abstention_span
132634,weak_or_ambiguous,extra_forced_negative_or_duplicate_abstention_removed,Raw V2 filled an additional negative/other-viewer slot after the one licensed negative statement; the extra span was removed.,True,False,130,109,21,False,remove_additional_negative_or_abstention_span
132987,weak_or_ambiguous,extra_forced_negative_or_duplicate_abstention_removed,Raw V2 filled an additional negative/other-viewer slot after the one licensed negative statement; the extra span was removed.,True,False,83,72,11,False,remove_additional_negative_or_abstention_span
133258,no_negative_evidence,extra_forced_negative_or_duplicate_abstention_removed,Raw V2 filled an additional negative/other-viewer slot after the one licensed negative statement; the extra span was removed.,True,False,119,107,12,False,format_add_summary_prefix;remove_additional_negative_or_abstention_span
133641,supported_negative,inappropriate_abstention_despite_supported_negative_genre,"Raw V2 abstained even though deterministic repeated rating evidence supported the narrow negative genre set ['Adventure', 'Fantasy'].",True,False,137,140,-3,False,abstention_to_supported_negative
133780,weak_or_ambiguous,extra_forced_negative_or_duplicate_abstention_removed,Raw V2 filled an additional negative/other-viewer slot after the one licensed negative statement; the extra span was removed.,True,False,121,86,35,True,remove_additional_negative_or_abstention_span
133882,supported_negative,inappropriate_abstention_despite_supported_negative_genre,Raw V2 abstained even though deterministic repeated rating evidence supported the narrow negative genre set ['Thriller'].,True,False,97,96,1,False,abstention_to_supported_negative
134016,weak_or_ambiguous,unsupported_negative_claim_neutralized_no_supported_genre,Raw V2 asserted a negative preference although deterministic evidence was weak_or_ambiguous and supported no negative genre.,True,False,128,77,51,True,grounding_narrow_or_neutralize;remove_additional_negative_or_abstention_span
134091,weak_or_ambiguous,unsupported_negative_claim_neutralized_no_supported_genre,Raw V2 asserted a negative preference although deterministic evidence was weak_or_ambiguous and supported no negative genre.,True,False,118,77,41,True,grounding_narrow_or_neutralize;remove_additional_negative_or_abstention_span
134319,supported_negative,inappropriate_abstention_despite_supported_negative_genre,Raw V2 abstained even though deterministic repeated rating evidence supported the narrow negative genre set ['Sci-Fi'].,True,False,138,96,42,True,abstention_to_supported_negative;remove_additional_negative_or_abstention_span
134546,weak_or_ambiguous,extra_forced_negative_or_duplicate_abstention_removed,Raw V2 filled an additional negative/other-viewer slot after the one licensed negative statement; the extra span was removed.,True,False,117,74,43,True,format_malformed_abstention_leadin;remove_additional_negative_or_abstention_span
135270,weak_or_ambiguous,extra_forced_negative_or_duplicate_abstention_removed,Raw V2 filled an additional negative/other-viewer slot after the one licensed negative statement; the extra span was removed.,True,False,105,94,11,False,remove_additional_negative_or_abstention_span
135339,supported_negative,inappropriate_abstention_despite_supported_negative_genre,Raw V2 abstained even though deterministic repeated rating evidence supported the narrow negative genre set ['Thriller'].,True,False,129,97,32,True,abstention_to_supported_negative;remove_additional_negative_or_abstention_span
135710,no_negative_evidence,extra_forced_negative_or_duplicate_abstention_removed,Raw V2 filled an additional negative/other-viewer slot after the one licensed negative statement; the extra span was removed.,True,False,146,129,17,False,format_add_summary_prefix;remove_additional_negative_or_abstention_span
136047,supported_negative,inappropriate_abstention_despite_supported_negative_genre,Raw V2 abstained even though deterministic repeated rating evidence supported the narrow negative genre set ['Sci-Fi'].,True,False,133,90,43,True,abstention_to_supported_negative;remove_additional_negative_or_abstention_span
136220,weak_or_ambiguous,unsupported_negative_claim_neutralized_no_supported_genre,Raw V2 asserted a negative preference although deterministic evidence was weak_or_ambiguous and supported no negative genre.,True,False,124,74,50,True,grounding_narrow_or_neutralize;remove_additional_negative_or_abstention_span
136526,no_negative_evidence,extra_forced_negative_or_duplicate_abstention_removed,Raw V2 filled an additional negative/other-viewer slot after the one licensed negative statement; the extra span was removed.,True,False,101,71,30,True,remove_additional_negative_or_abstention_span
136603,weak_or_ambiguous,extra_forced_negative_or_duplicate_abstention_removed,Raw V2 filled an additional negative/other-viewer slot after the one licensed negative statement; the extra span was removed.,True,False,127,72,55,True,remove_additional_negative_or_abstention_span;remove_additional_negative_or_abstention_span
136896,supported_negative,overbroad_negative_claim_narrowed_to_supported_genres,Raw V2 made a negative claim broader than the licensed genre evidence; the repair retained only ['Crime'].,True,False,84,63,21,True,grounding_narrow_or_neutralize;remove_additional_negative_or_abstention_span
137311,weak_or_ambiguous,extra_forced_negative_or_duplicate_abstention_removed,Raw V2 filled an additional negative/other-viewer slot after the one licensed negative statement; the extra span was removed.,True,False,98,75,23,True,format_add_summary_prefix;remove_additional_negative_or_abstention_span
137400,weak_or_ambiguous,extra_forced_negative_or_duplicate_abstention_removed,Raw V2 filled an additional negative/other-viewer slot after the one licensed negative statement; the extra span was removed.,True,False,143,112,31,True,remove_additional_negative_or_abstention_span
137591,weak_or_ambiguous,extra_forced_negative_or_duplicate_abstention_removed,Raw V2 filled an additional negative/other-viewer slot after the one licensed negative statement; the extra span was removed.,True,False,129,86,43,True,format_add_summary_prefix;remove_additional_negative_or_abstention_span
137699,no_negative_evidence,extra_forced_negative_or_duplicate_abstention_removed,Raw V2 filled an additional negative/other-viewer slot after the one licensed negative statement; the extra span was removed.,True,False,107,66,41,True,format_add_summary_prefix;remove_additional_negative_or_abstention_span
137993,weak_or_ambiguous,unsupported_negative_claim_neutralized_no_supported_genre,Raw V2 asserted a negative preference although deterministic evidence was weak_or_ambiguous and supported no negative genre.,True,False,121,85,36,True,grounding_narrow_or_neutralize;remove_additional_negative_or_abstention_span
138492,weak_or_ambiguous,extra_forced_negative_or_duplicate_abstention_removed,Raw V2 filled an additional negative/other-viewer slot after the one licensed negative statement; the extra span was removed.,True,False,130,87,43,True,remove_additional_negative_or_abstention_span
138560,supported_negative,extra_forced_negative_or_duplicate_abstention_removed,Raw V2 filled an additional negative/other-viewer slot after the one licensed negative statement; the extra span was removed.,True,False,117,75,42,True,remove_additional_negative_or_abstention_span;remove_additional_negative_or_abstention_span
138704,weak_or_ambiguous,extra_forced_negative_or_duplicate_abstention_removed,Raw V2 filled an additional negative/other-viewer slot after the one licensed negative statement; the extra span was removed.,True,False,121,80,41,True,format_add_summary_prefix;remove_additional_negative_or_abstention_span
139246,weak_or_ambiguous,unsupported_negative_claim_neutralized_no_supported_genre,Raw V2 asserted a negative preference although deterministic evidence was weak_or_ambiguous and supported no negative genre.,True,False,140,101,39,True,grounding_narrow_or_neutralize;remove_additional_negative_or_abstention_span
139416,no_negative_evidence,extra_forced_negative_or_duplicate_abstention_removed,Raw V2 filled an additional negative/other-viewer slot after the one licensed negative statement; the extra span was removed.,True,False,119,74,45,True,format_malformed_abstention_leadin;remove_additional_negative_or_abstention_span
139496,weak_or_ambiguous,extra_forced_negative_or_duplicate_abstention_removed,Raw V2 filled an additional negative/other-viewer slot after the one licensed negative statement; the extra span was removed.,True,False,112,84,28,True,remove_additional_negative_or_abstention_span
139517,no_negative_evidence,extra_forced_negative_or_duplicate_abstention_removed,Raw V2 filled an additional negative/other-viewer slot after the one licensed negative statement; the extra span was removed.,True,False,95,66,29,True,format_malformed_abstention_leadin;remove_additional_negative_or_abstention_span
139585,weak_or_ambiguous,unsupported_negative_claim_neutralized_no_supported_genre,Raw V2 asserted a negative preference although deterministic evidence was weak_or_ambiguous and supported no negative genre.,True,False,106,82,24,True,grounding_narrow_or_neutralize;remove_additional_negative_or_abstention_span
139721,supported_negative,inappropriate_abstention_despite_supported_negative_genre,"Raw V2 abstained even though deterministic repeated rating evidence supported the narrow negative genre set ['Children', 'Comedy', 'Fantasy', 'Horror', 'Musical', 'Romance'].",True,False,131,94,37,True,abstention_to_supported_negative;remove_additional_negative_or_abstention_span
139766,no_negative_evidence,extra_forced_negative_or_duplicate_abstention_removed,Raw V2 filled an additional negative/other-viewer slot after the one licensed negative statement; the extra span was removed.,True,False,136,98,38,True,remove_additional_negative_or_abstention_span
139988,no_negative_evidence,extra_forced_negative_or_duplicate_abstention_removed,Raw V2 filled an additional negative/other-viewer slot after the one licensed negative statement; the extra span was removed.,True,False,119,80,39,True,format_malformed_abstention_leadin;remove_additional_negative_or_abstention_span
140035,weak_or_ambiguous,unsupported_negative_claim_neutralized_no_supported_genre,Raw V2 asserted a negative preference although deterministic evidence was weak_or_ambiguous and supported no negative genre.,True,False,129,74,55,True,grounding_narrow_or_neutralize;remove_additional_negative_or_abstention_span
140352,weak_or_ambiguous,extra_forced_negative_or_duplicate_abstention_removed,Raw V2 filled an additional negative/other-viewer slot after the one licensed negative statement; the extra span was removed.,True,False,143,84,59,True,remove_additional_negative_or_abstention_span;remove_additional_negative_or_abstention_span
140511,weak_or_ambiguous,formatting_only,Only deterministic prefix/placeholder/grammar normalization was needed.,False,True,83,84,-1,False,format_add_summary_prefix
140531,supported_negative,overbroad_negative_claim_narrowed_to_supported_genres,"Raw V2 made a negative claim broader than the licensed genre evidence; the repair retained only ['Action', 'Fantasy', 'Musical'].",True,False,119,79,40,True,grounding_narrow_or_neutralize;remove_additional_negative_or_abstention_span
140602,no_negative_evidence,extra_forced_negative_or_duplicate_abstention_removed,Raw V2 filled an additional negative/other-viewer slot after the one licensed negative statement; the extra span was removed.,True,False,123,86,37,True,remove_additional_negative_or_abstention_span
140731,supported_negative,overbroad_negative_claim_narrowed_to_supported_genres,"Raw V2 made a negative claim broader than the licensed genre evidence; the repair retained only ['Action', 'Horror', 'Sci-Fi'].",True,False,114,74,40,True,grounding_narrow_or_neutralize;remove_additional_negative_or_abstention_span
141117,weak_or_ambiguous,extra_forced_negative_or_duplicate_abstention_removed,Raw V2 filled an additional negative/other-viewer slot after the one licensed negative statement; the extra span was removed.,True,False,112,71,41,True,remove_additional_negative_or_abstention_span
141157,weak_or_ambiguous,extra_forced_negative_or_duplicate_abstention_removed,Raw V2 filled an additional negative/other-viewer slot after the one licensed negative statement; the extra span was removed.,True,False,111,80,31,True,remove_additional_negative_or_abstention_span
141202,weak_or_ambiguous,unsupported_negative_claim_neutralized_no_supported_genre,Raw V2 asserted a negative preference although deterministic evidence was weak_or_ambiguous and supported no negative genre.,True,False,106,92,14,False,grounding_narrow_or_neutralize
141325,weak_or_ambiguous,extra_forced_negative_or_duplicate_abstention_removed,Raw V2 filled an additional negative/other-viewer slot after the one licensed negative statement; the extra span was removed.,True,False,140,97,43,True,remove_additional_negative_or_abstention_span
142065,no_negative_evidence,extra_forced_negative_or_duplicate_abstention_removed,Raw V2 filled an additional negative/other-viewer slot after the one licensed negative statement; the extra span was removed.,True,False,116,85,31,True,remove_additional_negative_or_abstention_span
142893,weak_or_ambiguous,extra_forced_negative_or_duplicate_abstention_removed,Raw V2 filled an additional negative/other-viewer slot after the one licensed negative statement; the extra span was removed.,True,False,127,76,51,True,format_malformed_abstention_leadin;remove_additional_negative_or_abstention_span
143234,weak_or_ambiguous,extra_forced_negative_or_duplicate_abstention_removed,Raw V2 filled an additional negative/other-viewer slot after the one licensed negative statement; the extra span was removed.,True,False,125,90,35,True,format_add_summary_prefix;remove_additional_negative_or_abstention_span
144069,supported_negative,overbroad_negative_claim_narrowed_to_supported_genres,"Raw V2 made a negative claim broader than the licensed genre evidence; the repair retained only ['Comedy', 'Crime', 'Fantasy'].",True,False,140,91,49,True,grounding_narrow_or_neutralize;remove_additional_negative_or_abstention_span
144213,no_negative_evidence,unsupported_negative_claim_neutralized_no_supported_genre,Raw V2 asserted a negative preference although deterministic evidence was no_negative_evidence and supported no negative genre.,True,False,127,86,41,True,format_add_summary_prefix;grounding_narrow_or_neutralize;remove_additional_negative_or_abstention_span
144404,weak_or_ambiguous,unsupported_negative_claim_neutralized_no_supported_genre,Raw V2 asserted a negative preference although deterministic evidence was weak_or_ambiguous and supported no negative genre.,True,False,113,91,22,False,grounding_narrow_or_neutralize;remove_additional_negative_or_abstention_span
144807,supported_negative,inappropriate_abstention_despite_supported_negative_genre,Raw V2 abstained even though deterministic repeated rating evidence supported the narrow negative genre set ['Comedy'].,True,False,80,80,0,False,format_add_summary_prefix;abstention_to_supported_negative
144847,supported_negative,inappropriate_abstention_despite_supported_negative_genre,Raw V2 abstained even though deterministic repeated rating evidence supported the narrow negative genre set ['Comedy'].,True,False,114,60,54,True,format_add_summary_prefix;abstention_to_supported_negative;remove_additional_negative_or_abstention_span
144908,weak_or_ambiguous,extra_forced_negative_or_duplicate_abstention_removed,Raw V2 filled an additional negative/other-viewer slot after the one licensed negative statement; the extra span was removed.,True,False,119,85,34,True,remove_additional_negative_or_abstention_span
145108,weak_or_ambiguous,unsupported_negative_claim_neutralized_no_supported_genre,Raw V2 asserted a negative preference although deterministic evidence was weak_or_ambiguous and supported no negative genre.,True,False,119,77,42,True,grounding_narrow_or_neutralize;remove_additional_negative_or_abstention_span
145591,no_negative_evidence,extra_forced_negative_or_duplicate_abstention_removed,Raw V2 filled an additional negative/other-viewer slot after the one licensed negative statement; the extra span was removed.,True,False,125,83,42,True,remove_additional_negative_or_abstention_span
146488,weak_or_ambiguous,extra_forced_negative_or_duplicate_abstention_removed,Raw V2 filled an additional negative/other-viewer slot after the one licensed negative statement; the extra span was removed.,True,False,109,69,40,True,format_add_summary_prefix;remove_additional_negative_or_abstention_span
146511,no_negative_evidence,formatting_only,Only deterministic prefix/placeholder/grammar normalization was needed.,False,True,92,87,5,False,format_malformed_abstention_leadin
147087,supported_negative,overbroad_negative_claim_narrowed_to_supported_genres,Raw V2 made a negative claim broader than the licensed genre evidence; the repair retained only ['Crime'].,True,False,114,78,36,True,grounding_narrow_or_neutralize;remove_additional_negative_or_abstention_span
147105,supported_negative,inappropriate_abstention_despite_supported_negative_genre,Raw V2 abstained even though deterministic repeated rating evidence supported the narrow negative genre set ['Thriller'].,True,False,101,63,38,True,format_add_summary_prefix;abstention_to_supported_negative;remove_additional_negative_or_abstention_span
147229,weak_or_ambiguous,extra_forced_negative_or_duplicate_abstention_removed,Raw V2 filled an additional negative/other-viewer slot after the one licensed negative statement; the extra span was removed.,True,False,97,82,15,False,remove_additional_negative_or_abstention_span
147241,weak_or_ambiguous,extra_forced_negative_or_duplicate_abstention_removed,Raw V2 filled an additional negative/other-viewer slot after the one licensed negative statement; the extra span was removed.,True,False,118,77,41,True,remove_additional_negative_or_abstention_span
147708,weak_or_ambiguous,extra_forced_negative_or_duplicate_abstention_removed,Raw V2 filled an additional negative/other-viewer slot after the one licensed negative statement; the extra span was removed.,True,False,102,90,12,False,remove_additional_negative_or_abstention_span
147723,weak_or_ambiguous,extra_forced_negative_or_duplicate_abstention_removed,Raw V2 filled an additional negative/other-viewer slot after the one licensed negative statement; the extra span was removed.,True,False,131,85,46,True,format_add_summary_prefix;remove_additional_negative_or_abstention_span
147750,supported_negative,overbroad_negative_claim_narrowed_to_supported_genres,Raw V2 made a negative claim broader than the licensed genre evidence; the repair retained only ['Horror'].,True,False,108,68,40,True,grounding_narrow_or_neutralize;remove_additional_negative_or_abstention_span
147863,weak_or_ambiguous,unsupported_negative_claim_neutralized_no_supported_genre,Raw V2 asserted a negative preference although deterministic evidence was weak_or_ambiguous and supported no negative genre.,True,False,98,72,26,True,grounding_narrow_or_neutralize;remove_additional_negative_or_abstention_span
148383,supported_negative,overbroad_negative_claim_narrowed_to_supported_genres,Raw V2 made a negative claim broader than the licensed genre evidence; the repair retained only ['Fantasy'].,True,False,125,72,53,True,grounding_narrow_or_neutralize;remove_additional_negative_or_abstention_span
148494,weak_or_ambiguous,extra_forced_negative_or_duplicate_abstention_removed,Raw V2 filled an additional negative/other-viewer slot after the one licensed negative statement; the extra span was removed.,True,False,106,87,19,False,remove_additional_negative_or_abstention_span
148882,weak_or_ambiguous,extra_forced_negative_or_duplicate_abstention_removed,Raw V2 filled an additional negative/other-viewer slot after the one licensed negative statement; the extra span was removed.,True,False,111,81,30,True,format_add_summary_prefix;remove_additional_negative_or_abstention_span
149158,weak_or_ambiguous,extra_forced_negative_or_duplicate_abstention_removed,Raw V2 filled an additional negative/other-viewer slot after the one licensed negative statement; the extra span was removed.,True,False,88,77,11,False,remove_additional_negative_or_abstention_span
149314,weak_or_ambiguous,extra_forced_negative_or_duplicate_abstention_removed,Raw V2 filled an additional negative/other-viewer slot after the one licensed negative statement; the extra span was removed.,True,False,98,76,22,True,remove_additional_negative_or_abstention_span
149418,weak_or_ambiguous,extra_forced_negative_or_duplicate_abstention_removed,Raw V2 filled an additional negative/other-viewer slot after the one licensed negative statement; the extra span was removed.,True,False,103,89,14,False,remove_additional_negative_or_abstention_span
149625,no_negative_evidence,extra_forced_negative_or_duplicate_abstention_removed,Raw V2 filled an additional negative/other-viewer slot after the one licensed negative statement; the extra span was removed.,True,False,109,73,36,True,remove_additional_negative_or_abstention_span
149632,weak_or_ambiguous,extra_forced_negative_or_duplicate_abstention_removed,Raw V2 filled an additional negative/other-viewer slot after the one licensed negative statement; the extra span was removed.,True,False,117,90,27,True,remove_additional_negative_or_abstention_span
150001,weak_or_ambiguous,unsupported_negative_claim_neutralized_no_supported_genre,Raw V2 asserted a negative preference although deterministic evidence was weak_or_ambiguous and supported no negative genre.,True,False,105,96,9,False,grounding_narrow_or_neutralize
150601,weak_or_ambiguous,unsupported_negative_claim_neutralized_no_supported_genre,Raw V2 asserted a negative preference although deterministic evidence was weak_or_ambiguous and supported no negative genre.,True,False,130,97,33,True,grounding_narrow_or_neutralize;remove_additional_negative_or_abstention_span
150629,supported_negative,inappropriate_abstention_despite_supported_negative_genre,"Raw V2 abstained even though deterministic repeated rating evidence supported the narrow negative genre set ['Horror', 'IMAX'].",True,False,110,72,38,True,format_add_summary_prefix;abstention_to_supported_negative;remove_additional_negative_or_abstention_span
150902,weak_or_ambiguous,unsupported_negative_claim_neutralized_no_supported_genre,Raw V2 asserted a negative preference although deterministic evidence was weak_or_ambiguous and supported no negative genre.,True,False,116,92,24,True,grounding_narrow_or_neutralize
150905,no_negative_evidence,extra_forced_negative_or_duplicate_abstention_removed,Raw V2 filled an additional negative/other-viewer slot after the one licensed negative statement; the extra span was removed.,True,False,124,83,41,True,remove_additional_negative_or_abstention_span
150916,no_negative_evidence,extra_forced_negative_or_duplicate_abstention_removed,Raw V2 filled an additional negative/other-viewer slot after the one licensed negative statement; the extra span was removed.,True,False,106,72,34,True,remove_additional_negative_or_abstention_span
151425,no_negative_evidence,formatting_only,Only deterministic prefix/placeholder/grammar normalization was needed.,False,True,74,75,-1,False,format_add_summary_prefix
152795,weak_or_ambiguous,extra_forced_negative_or_duplicate_abstention_removed,Raw V2 filled an additional negative/other-viewer slot after the one licensed negative statement; the extra span was removed.,True,False,110,73,37,True,format_add_summary_prefix;remove_additional_negative_or_abstention_span
152805,weak_or_ambiguous,extra_forced_negative_or_duplicate_abstention_removed,Raw V2 filled an additional negative/other-viewer slot after the one licensed negative statement; the extra span was removed.,True,False,131,90,41,True,remove_additional_negative_or_abstention_span
153205,weak_or_ambiguous,extra_forced_negative_or_duplicate_abstention_removed,Raw V2 filled an additional negative/other-viewer slot after the one licensed negative statement; the extra span was removed.,True,False,116,76,40,True,format_add_summary_prefix;remove_additional_negative_or_abstention_span
153442,weak_or_ambiguous,extra_forced_negative_or_duplicate_abstention_removed,Raw V2 filled an additional negative/other-viewer slot after the one licensed negative statement; the extra span was removed.,True,False,138,102,36,True,format_add_summary_prefix;remove_additional_negative_or_abstention_span
153522,no_negative_evidence,extra_forced_negative_or_duplicate_abstention_removed,Raw V2 filled an additional negative/other-viewer slot after the one licensed negative statement; the extra span was removed.,True,False,130,85,45,True,remove_additional_negative_or_abstention_span
153691,weak_or_ambiguous,extra_forced_negative_or_duplicate_abstention_removed,Raw V2 filled an additional negative/other-viewer slot after the one licensed negative statement; the extra span was removed.,True,False,115,82,33,True,remove_additional_negative_or_abstention_span
154465,no_negative_evidence,formatting_only,Only deterministic prefix/placeholder/grammar normalization was needed.,False,True,86,87,-1,False,format_add_summary_prefix
154488,weak_or_ambiguous,extra_forced_negative_or_duplicate_abstention_removed,Raw V2 filled an additional negative/other-viewer slot after the one licensed negative statement; the extra span was removed.,True,False,104,84,20,False,remove_additional_negative_or_abstention_span
154554,supported_negative,overbroad_negative_claim_narrowed_to_supported_genres,Raw V2 made a negative claim broader than the licensed genre evidence; the repair retained only ['Musical'].,True,False,102,78,24,True,grounding_narrow_or_neutralize;remove_additional_negative_or_abstention_span
155091,weak_or_ambiguous,extra_forced_negative_or_duplicate_abstention_removed,Raw V2 filled an additional negative/other-viewer slot after the one licensed negative statement; the extra span was removed.,True,False,124,68,56,True,remove_additional_negative_or_abstention_span;remove_additional_negative_or_abstention_span
155887,weak_or_ambiguous,unsupported_negative_claim_neutralized_no_supported_genre,Raw V2 asserted a negative preference although deterministic evidence was weak_or_ambiguous and supported no negative genre.,True,False,142,92,50,True,grounding_narrow_or_neutralize;remove_additional_negative_or_abstention_span
155984,weak_or_ambiguous,extra_forced_negative_or_duplicate_abstention_removed,Raw V2 filled an additional negative/other-viewer slot after the one licensed negative statement; the extra span was removed.,True,False,133,122,11,False,remove_additional_negative_or_abstention_span
156058,weak_or_ambiguous,extra_forced_negative_or_duplicate_abstention_removed,Raw V2 filled an additional negative/other-viewer slot after the one licensed negative statement; the extra span was removed.,True,False,104,79,25,True,remove_additional_negative_or_abstention_span
156718,weak_or_ambiguous,extra_forced_negative_or_duplicate_abstention_removed,Raw V2 filled an additional negative/other-viewer slot after the one licensed negative statement; the extra span was removed.,True,False,155,117,38,True,format_add_summary_prefix;remove_additional_negative_or_abstention_span
157451,weak_or_ambiguous,formatting_only,Only deterministic prefix/placeholder/grammar normalization was needed.,False,True,105,100,5,False,format_malformed_abstention_leadin
157624,weak_or_ambiguous,extra_forced_negative_or_duplicate_abstention_removed,Raw V2 filled an additional negative/other-viewer slot after the one licensed negative statement; the extra span was removed.,True,False,81,71,10,False,format_add_summary_prefix;remove_additional_negative_or_abstention_span
157798,weak_or_ambiguous,extra_forced_negative_or_duplicate_abstention_removed,Raw V2 filled an additional negative/other-viewer slot after the one licensed negative statement; the extra span was removed.,True,False,134,103,31,True,format_add_summary_prefix;remove_additional_negative_or_abstention_span
157800,weak_or_ambiguous,extra_forced_negative_or_duplicate_abstention_removed,Raw V2 filled an additional negative/other-viewer slot after the one licensed negative statement; the extra span was removed.,True,False,133,100,33,True,remove_additional_negative_or_abstention_span
157895,supported_negative,overbroad_negative_claim_narrowed_to_supported_genres,"Raw V2 made a negative claim broader than the licensed genre evidence; the repair retained only ['IMAX', 'Musical', 'Romance', 'Thriller'].",True,False,137,83,54,True,grounding_narrow_or_neutralize;remove_additional_negative_or_abstention_span
158249,weak_or_ambiguous,extra_forced_negative_or_duplicate_abstention_removed,Raw V2 filled an additional negative/other-viewer slot after the one licensed negative statement; the extra span was removed.,True,False,88,74,14,False,remove_additional_negative_or_abstention_span
158485,weak_or_ambiguous,formatting_only,Only deterministic prefix/placeholder/grammar normalization was needed.,False,True,136,137,-1,False,format_add_summary_prefix
158736,no_negative_evidence,extra_forced_negative_or_duplicate_abstention_removed,Raw V2 filled an additional negative/other-viewer slot after the one licensed negative statement; the extra span was removed.,True,False,108,89,19,False,remove_additional_negative_or_abstention_span
158775,supported_negative,inappropriate_abstention_despite_supported_negative_genre,"Raw V2 abstained even though deterministic repeated rating evidence supported the narrow negative genre set ['Action', 'Mystery', 'Sci-Fi'].",True,False,137,100,37,True,abstention_to_supported_negative;remove_additional_negative_or_abstention_span
158926,weak_or_ambiguous,extra_forced_negative_or_duplicate_abstention_removed,Raw V2 filled an additional negative/other-viewer slot after the one licensed negative statement; the extra span was removed.,True,False,79,68,11,False,remove_additional_negative_or_abstention_span
159056,no_negative_evidence,extra_forced_negative_or_duplicate_abstention_removed,Raw V2 filled an additional negative/other-viewer slot after the one licensed negative statement; the extra span was removed.,True,False,122,89,33,True,format_add_summary_prefix;remove_additional_negative_or_abstention_span
159126,weak_or_ambiguous,unsupported_negative_claim_neutralized_no_supported_genre,Raw V2 asserted a negative preference although deterministic evidence was weak_or_ambiguous and supported no negative genre.,True,False,117,83,34,True,grounding_narrow_or_neutralize;remove_additional_negative_or_abstention_span
159203,weak_or_ambiguous,extra_forced_negative_or_duplicate_abstention_removed,Raw V2 filled an additional negative/other-viewer slot after the one licensed negative statement; the extra span was removed.,True,False,95,72,23,True,remove_additional_negative_or_abstention_span
159382,supported_negative,overbroad_negative_claim_narrowed_to_supported_genres,"Raw V2 made a negative claim broader than the licensed genre evidence; the repair retained only ['Action', 'Adventure', 'Comedy', 'Crime', 'Thriller'].",True,False,123,90,33,True,grounding_narrow_or_neutralize;remove_additional_negative_or_abstention_span
159393,weak_or_ambiguous,extra_forced_negative_or_duplicate_abstention_removed,Raw V2 filled an additional negative/other-viewer slot after the one licensed negative statement; the extra span was removed.,True,False,112,87,25,True,remove_additional_negative_or_abstention_span
159475,weak_or_ambiguous,extra_forced_negative_or_duplicate_abstention_removed,Raw V2 filled an additional negative/other-viewer slot after the one licensed negative statement; the extra span was removed.,True,False,122,71,51,True,remove_additional_negative_or_abstention_span
159668,no_negative_evidence,formatting_only,Only deterministic prefix/placeholder/grammar normalization was needed.,False,True,128,129,-1,False,format_add_summary_prefix
159700,no_negative_evidence,formatting_only,Only deterministic prefix/placeholder/grammar normalization was needed.,False,True,90,85,5,False,format_malformed_abstention_leadin
159752,supported_negative,inappropriate_abstention_despite_supported_negative_genre,"Raw V2 abstained even though deterministic repeated rating evidence supported the narrow negative genre set ['Horror', 'Thriller'].",True,False,115,77,38,True,format_add_summary_prefix;abstention_to_supported_negative;remove_additional_negative_or_abstention_span
159777,weak_or_ambiguous,unsupported_negative_claim_neutralized_no_supported_genre,Raw V2 asserted a negative preference although deterministic evidence was weak_or_ambiguous and supported no negative genre.,True,False,94,73,21,True,grounding_narrow_or_neutralize;remove_additional_negative_or_abstention_span
159816,weak_or_ambiguous,extra_forced_negative_or_duplicate_abstention_removed,Raw V2 filled an additional negative/other-viewer slot after the one licensed negative statement; the extra span was removed.,True,False,115,71,44,True,format_add_summary_prefix;remove_additional_negative_or_abstention_span
161095,supported_negative,overbroad_negative_claim_narrowed_to_supported_genres,"Raw V2 made a negative claim broader than the licensed genre evidence; the repair retained only ['Children', 'Comedy', 'Fantasy', 'Horror', 'Thriller'].",True,False,130,95,35,True,grounding_narrow_or_neutralize;remove_additional_negative_or_abstention_span
161209,weak_or_ambiguous,formatting_only,Only deterministic prefix/placeholder/grammar normalization was needed.,False,True,114,115,-1,False,format_add_summary_prefix
161783,weak_or_ambiguous,unsupported_negative_claim_neutralized_no_supported_genre,Raw V2 asserted a negative preference although deterministic evidence was weak_or_ambiguous and supported no negative genre.,True,False,118,88,30,True,format_add_summary_prefix;grounding_narrow_or_neutralize
162260,weak_or_ambiguous,unsupported_negative_claim_neutralized_no_supported_genre,Raw V2 asserted a negative preference although deterministic evidence was weak_or_ambiguous and supported no negative genre.,True,False,112,76,36,True,format_add_summary_prefix;grounding_narrow_or_neutralize
162368,weak_or_ambiguous,extra_forced_negative_or_duplicate_abstention_removed,Raw V2 filled an additional negative/other-viewer slot after the one licensed negative statement; the extra span was removed.,True,False,114,92,22,False,remove_additional_negative_or_abstention_span
163524,supported_negative,inappropriate_abstention_despite_supported_negative_genre,"Raw V2 abstained even though deterministic repeated rating evidence supported the narrow negative genre set ['Drama', 'Thriller'].",True,False,128,86,42,True,abstention_to_supported_negative;remove_additional_negative_or_abstention_span
163556,weak_or_ambiguous,extra_forced_negative_or_duplicate_abstention_removed,Raw V2 filled an additional negative/other-viewer slot after the one licensed negative statement; the extra span was removed.,True,False,147,97,50,True,remove_additional_negative_or_abstention_span
163599,weak_or_ambiguous,extra_forced_negative_or_duplicate_abstention_removed,Raw V2 filled an additional negative/other-viewer slot after the one licensed negative statement; the extra span was removed.,True,False,105,74,31,True,remove_additional_negative_or_abstention_span
163792,weak_or_ambiguous,unsupported_negative_claim_neutralized_no_supported_genre,Raw V2 asserted a negative preference although deterministic evidence was weak_or_ambiguous and supported no negative genre.,True,False,120,93,27,True,grounding_narrow_or_neutralize;remove_additional_negative_or_abstention_span
163942,weak_or_ambiguous,extra_forced_negative_or_duplicate_abstention_removed,Raw V2 filled an additional negative/other-viewer slot after the one licensed negative statement; the extra span was removed.,True,False,123,97,26,True,remove_additional_negative_or_abstention_span
164119,weak_or_ambiguous,unsupported_negative_claim_neutralized_no_supported_genre,Raw V2 asserted a negative preference although deterministic evidence was weak_or_ambiguous and supported no negative genre.,True,False,99,76,23,True,format_add_summary_prefix;grounding_narrow_or_neutralize
164204,weak_or_ambiguous,extra_forced_negative_or_duplicate_abstention_removed,Raw V2 filled an additional negative/other-viewer slot after the one licensed negative statement; the extra span was removed.,True,False,119,86,33,True,remove_additional_negative_or_abstention_span
164502,no_negative_evidence,formatting_only,Only deterministic prefix/placeholder/grammar normalization was needed.,False,True,86,81,5,False,format_malformed_abstention_leadin
164509,weak_or_ambiguous,extra_forced_negative_or_duplicate_abstention_removed,Raw V2 filled an additional negative/other-viewer slot after the one licensed negative statement; the extra span was removed.,True,False,102,72,30,True,format_add_summary_prefix;remove_additional_negative_or_abstention_span
164549,supported_negative,overbroad_negative_claim_narrowed_to_supported_genres,"Raw V2 made a negative claim broader than the licensed genre evidence; the repair retained only ['Animation', 'Comedy', 'Fantasy'].",True,False,123,79,44,True,grounding_narrow_or_neutralize;remove_additional_negative_or_abstention_span
164687,weak_or_ambiguous,unsupported_negative_claim_neutralized_no_supported_genre,Raw V2 asserted a negative preference although deterministic evidence was weak_or_ambiguous and supported no negative genre.,True,False,92,83,9,False,grounding_narrow_or_neutralize
164838,weak_or_ambiguous,extra_forced_negative_or_duplicate_abstention_removed,Raw V2 filled an additional negative/other-viewer slot after the one licensed negative statement; the extra span was removed.,True,False,119,95,24,True,remove_additional_negative_or_abstention_span
164850,weak_or_ambiguous,extra_forced_negative_or_duplicate_abstention_removed,Raw V2 filled an additional negative/other-viewer slot after the one licensed negative statement; the extra span was removed.,True,False,104,62,42,True,format_add_summary_prefix;remove_additional_negative_or_abstention_span
164869,weak_or_ambiguous,extra_forced_negative_or_duplicate_abstention_removed,Raw V2 filled an additional negative/other-viewer slot after the one licensed negative statement; the extra span was removed.,True,False,129,96,33,True,remove_additional_negative_or_abstention_span
165318,weak_or_ambiguous,unsupported_negative_claim_neutralized_no_supported_genre,Raw V2 asserted a negative preference although deterministic evidence was weak_or_ambiguous and supported no negative genre.,True,False,129,82,47,True,grounding_narrow_or_neutralize;remove_additional_negative_or_abstention_span
166038,weak_or_ambiguous,unsupported_negative_claim_neutralized_no_supported_genre,Raw V2 asserted a negative preference although deterministic evidence was weak_or_ambiguous and supported no negative genre.,True,False,122,77,45,True,format_add_summary_prefix;grounding_narrow_or_neutralize;remove_additional_negative_or_abstention_span
166366,weak_or_ambiguous,extra_forced_negative_or_duplicate_abstention_removed,Raw V2 filled an additional negative/other-viewer slot after the one licensed negative statement; the extra span was removed.,True,False,164,127,37,True,remove_additional_negative_or_abstention_span
166368,supported_negative,overbroad_negative_claim_narrowed_to_supported_genres,"Raw V2 made a negative claim broader than the licensed genre evidence; the repair retained only ['Action', 'Adventure', 'Comedy', 'Crime', 'Drama', 'Fantasy', 'IMAX', 'Mystery', 'Romance', 'Sci-Fi', 'Thriller'].",True,False,105,83,22,True,grounding_narrow_or_neutralize;remove_additional_negative_or_abstention_span
166580,supported_negative,inappropriate_abstention_despite_supported_negative_genre,"Raw V2 abstained even though deterministic repeated rating evidence supported the narrow negative genre set ['Horror', 'Sci-Fi'].",True,False,76,67,9,False,abstention_to_supported_negative;remove_additional_negative_or_abstention_span
166600,weak_or_ambiguous,extra_forced_negative_or_duplicate_abstention_removed,Raw V2 filled an additional negative/other-viewer slot after the one licensed negative statement; the extra span was removed.,True,False,121,85,36,True,remove_additional_negative_or_abstention_span
166913,weak_or_ambiguous,extra_forced_negative_or_duplicate_abstention_removed,Raw V2 filled an additional negative/other-viewer slot after the one licensed negative statement; the extra span was removed.,True,False,119,78,41,True,format_add_summary_prefix;remove_additional_negative_or_abstention_span
166939,weak_or_ambiguous,extra_forced_negative_or_duplicate_abstention_removed,Raw V2 filled an additional negative/other-viewer slot after the one licensed negative statement; the extra span was removed.,True,False,93,70,23,True,remove_additional_negative_or_abstention_span
167063,weak_or_ambiguous,unsupported_negative_claim_neutralized_no_supported_genre,Raw V2 asserted a negative preference although deterministic evidence was weak_or_ambiguous and supported no negative genre.,True,False,97,67,30,True,grounding_narrow_or_neutralize;remove_additional_negative_or_abstention_span
167101,weak_or_ambiguous,extra_forced_negative_or_duplicate_abstention_removed,Raw V2 filled an additional negative/other-viewer slot after the one licensed negative statement; the extra span was removed.,True,False,132,86,46,True,remove_additional_negative_or_abstention_span
167112,weak_or_ambiguous,unsupported_negative_claim_neutralized_no_supported_genre,Raw V2 asserted a negative preference although deterministic evidence was weak_or_ambiguous and supported no negative genre.,True,False,131,94,37,True,grounding_narrow_or_neutralize;remove_additional_negative_or_abstention_span
167234,supported_negative,inappropriate_abstention_despite_supported_negative_genre,"Raw V2 abstained even though deterministic repeated rating evidence supported the narrow negative genre set ['Action', 'Adventure', 'Children', 'Comedy', 'Fantasy', 'Horror', 'IMAX', 'Romance', 'Sci-Fi', 'Thriller'].",True,False,107,91,16,False,format_add_summary_prefix;abstention_to_supported_negative;remove_additional_negative_or_abstention_span
167702,no_negative_evidence,extra_forced_negative_or_duplicate_abstention_removed,Raw V2 filled an additional negative/other-viewer slot after the one licensed negative statement; the extra span was removed.,True,False,135,93,42,True,format_malformed_abstention_leadin;remove_additional_negative_or_abstention_span
168027,supported_negative,inappropriate_abstention_despite_supported_negative_genre,Raw V2 abstained even though deterministic repeated rating evidence supported the narrow negative genre set ['Children'].,True,False,150,98,52,True,abstention_to_supported_negative;remove_additional_negative_or_abstention_span
168639,supported_negative,overbroad_negative_claim_narrowed_to_supported_genres,"Raw V2 made a negative claim broader than the licensed genre evidence; the repair retained only ['Children', 'Comedy', 'Musical'].",True,False,113,69,44,True,grounding_narrow_or_neutralize;remove_additional_negative_or_abstention_span
169330,weak_or_ambiguous,unsupported_negative_claim_neutralized_no_supported_genre,Raw V2 asserted a negative preference although deterministic evidence was weak_or_ambiguous and supported no negative genre.,True,False,89,58,31,True,grounding_narrow_or_neutralize
169470,weak_or_ambiguous,extra_forced_negative_or_duplicate_abstention_removed,Raw V2 filled an additional negative/other-viewer slot after the one licensed negative statement; the extra span was removed.,True,False,92,68,24,True,format_add_summary_prefix;remove_additional_negative_or_abstention_span
169721,weak_or_ambiguous,extra_forced_negative_or_duplicate_abstention_removed,Raw V2 filled an additional negative/other-viewer slot after the one licensed negative statement; the extra span was removed.,True,False,124,77,47,True,format_add_summary_prefix;remove_additional_negative_or_abstention_span;remove_additional_negative_or_abstention_span
169797,no_negative_evidence,extra_forced_negative_or_duplicate_abstention_removed,Raw V2 filled an additional negative/other-viewer slot after the one licensed negative statement; the extra span was removed.,True,False,156,111,45,True,remove_additional_negative_or_abstention_span
169979,supported_negative,overbroad_negative_claim_narrowed_to_supported_genres,"Raw V2 made a negative claim broader than the licensed genre evidence; the repair retained only ['Comedy', 'Crime', 'Fantasy'].",True,False,120,74,46,True,grounding_narrow_or_neutralize;remove_additional_negative_or_abstention_span
170389,supported_negative,overbroad_negative_claim_narrowed_to_supported_genres,"Raw V2 made a negative claim broader than the licensed genre evidence; the repair retained only ['Adventure', 'Fantasy', 'Musical'].",True,False,90,73,17,False,grounding_narrow_or_neutralize;remove_additional_negative_or_abstention_span
170689,no_negative_evidence,extra_forced_negative_or_duplicate_abstention_removed,Raw V2 filled an additional negative/other-viewer slot after the one licensed negative statement; the extra span was removed.,True,False,108,79,29,True,remove_additional_negative_or_abstention_span
170711,weak_or_ambiguous,extra_forced_negative_or_duplicate_abstention_removed,Raw V2 filled an additional negative/other-viewer slot after the one licensed negative statement; the extra span was removed.,True,False,124,95,29,True,remove_additional_negative_or_abstention_span
170841,weak_or_ambiguous,extra_forced_negative_or_duplicate_abstention_removed,Raw V2 filled an additional negative/other-viewer slot after the one licensed negative statement; the extra span was removed.,True,False,93,69,24,True,remove_additional_negative_or_abstention_span
172271,weak_or_ambiguous,extra_forced_negative_or_duplicate_abstention_removed,Raw V2 filled an additional negative/other-viewer slot after the one licensed negative statement; the extra span was removed.,True,False,114,73,41,True,format_add_summary_prefix;remove_additional_negative_or_abstention_span
172647,weak_or_ambiguous,unsupported_negative_claim_neutralized_no_supported_genre,Raw V2 asserted a negative preference although deterministic evidence was weak_or_ambiguous and supported no negative genre.,True,False,108,74,34,True,grounding_narrow_or_neutralize;remove_additional_negative_or_abstention_span
172790,supported_negative,inappropriate_abstention_despite_supported_negative_genre,Raw V2 abstained even though deterministic repeated rating evidence supported the narrow negative genre set ['Horror'].,True,False,106,63,43,True,format_add_summary_prefix;abstention_to_supported_negative;remove_additional_negative_or_abstention_span
172917,weak_or_ambiguous,extra_forced_negative_or_duplicate_abstention_removed,Raw V2 filled an additional negative/other-viewer slot after the one licensed negative statement; the extra span was removed.,True,False,143,99,44,True,remove_additional_negative_or_abstention_span
173324,weak_or_ambiguous,extra_forced_negative_or_duplicate_abstention_removed,Raw V2 filled an additional negative/other-viewer slot after the one licensed negative statement; the extra span was removed.,True,False,108,72,36,True,format_malformed_abstention_leadin;remove_additional_negative_or_abstention_span
173414,weak_or_ambiguous,extra_forced_negative_or_duplicate_abstention_removed,Raw V2 filled an additional negative/other-viewer slot after the one licensed negative statement; the extra span was removed.,True,False,116,90,26,True,remove_additional_negative_or_abstention_span
173655,supported_negative,inappropriate_abstention_despite_supported_negative_genre,Raw V2 abstained even though deterministic repeated rating evidence supported the narrow negative genre set ['Horror'].,True,False,74,74,0,False,abstention_to_supported_negative
173926,weak_or_ambiguous,unsupported_negative_claim_neutralized_no_supported_genre,Raw V2 asserted a negative preference although deterministic evidence was weak_or_ambiguous and supported no negative genre.,True,False,126,91,35,True,grounding_narrow_or_neutralize;remove_additional_negative_or_abstention_span
173996,no_negative_evidence,extra_forced_negative_or_duplicate_abstention_removed,Raw V2 filled an additional negative/other-viewer slot after the one licensed negative statement; the extra span was removed.,True,False,101,62,39,True,remove_additional_negative_or_abstention_span
174031,weak_or_ambiguous,extra_forced_negative_or_duplicate_abstention_removed,Raw V2 filled an additional negative/other-viewer slot after the one licensed negative statement; the extra span was removed.,True,False,135,104,31,True,format_add_summary_prefix;remove_additional_negative_or_abstention_span
174039,weak_or_ambiguous,extra_forced_negative_or_duplicate_abstention_removed,Raw V2 filled an additional negative/other-viewer slot after the one licensed negative statement; the extra span was removed.,True,False,120,73,47,True,format_add_summary_prefix;remove_additional_negative_or_abstention_span
174963,weak_or_ambiguous,extra_forced_negative_or_duplicate_abstention_removed,Raw V2 filled an additional negative/other-viewer slot after the one licensed negative statement; the extra span was removed.,True,False,84,73,11,False,remove_additional_negative_or_abstention_span
175050,weak_or_ambiguous,extra_forced_negative_or_duplicate_abstention_removed,Raw V2 filled an additional negative/other-viewer slot after the one licensed negative statement; the extra span was removed.,True,False,126,73,53,True,remove_additional_negative_or_abstention_span
175097,supported_negative,overbroad_negative_claim_narrowed_to_supported_genres,"Raw V2 made a negative claim broader than the licensed genre evidence; the repair retained only ['Action', 'Adventure', 'Children', 'Horror', 'Sci-Fi'].",True,False,116,91,25,True,grounding_narrow_or_neutralize;remove_additional_negative_or_abstention_span
175144,supported_negative,overbroad_negative_claim_narrowed_to_supported_genres,"Raw V2 made a negative claim broader than the licensed genre evidence; the repair retained only ['Action', 'Children', 'Fantasy', 'IMAX'].",True,False,109,73,36,True,format_add_summary_prefix;grounding_narrow_or_neutralize
175180,weak_or_ambiguous,extra_forced_negative_or_duplicate_abstention_removed,Raw V2 filled an additional negative/other-viewer slot after the one licensed negative statement; the extra span was removed.,True,False,119,75,44,True,remove_additional_negative_or_abstention_span
175560,supported_negative,overbroad_negative_claim_narrowed_to_supported_genres,"Raw V2 made a negative claim broader than the licensed genre evidence; the repair retained only ['Adventure', 'Fantasy'].",True,False,129,74,55,True,grounding_narrow_or_neutralize;remove_additional_negative_or_abstention_span
175668,supported_negative,inappropriate_abstention_despite_supported_negative_genre,"Raw V2 abstained even though deterministic repeated rating evidence supported the narrow negative genre set ['Action', 'Comedy', 'Romance'].",True,False,98,60,38,True,format_add_summary_prefix;abstention_to_supported_negative;remove_additional_negative_or_abstention_span
175743,weak_or_ambiguous,extra_forced_negative_or_duplicate_abstention_removed,Raw V2 filled an additional negative/other-viewer slot after the one licensed negative statement; the extra span was removed.,True,False,104,81,23,True,remove_additional_negative_or_abstention_span
176156,weak_or_ambiguous,extra_forced_negative_or_duplicate_abstention_removed,Raw V2 filled an additional negative/other-viewer slot after the one licensed negative statement; the extra span was removed.,True,False,106,81,25,True,remove_additional_negative_or_abstention_span
176162,supported_negative,inappropriate_abstention_despite_supported_negative_genre,"Raw V2 abstained even though deterministic repeated rating evidence supported the narrow negative genre set ['Adventure', 'Comedy', 'Fantasy', 'War'].",True,False,124,61,63,True,abstention_to_supported_negative;remove_additional_negative_or_abstention_span;remove_additional_negative_or_abstention_span
176167,weak_or_ambiguous,unsupported_negative_claim_neutralized_no_supported_genre,Raw V2 asserted a negative preference although deterministic evidence was weak_or_ambiguous and supported no negative genre.,True,False,104,68,36,True,grounding_narrow_or_neutralize;remove_additional_negative_or_abstention_span
176397,supported_negative,inappropriate_abstention_despite_supported_negative_genre,"Raw V2 abstained even though deterministic repeated rating evidence supported the narrow negative genre set ['Action', 'Adventure', 'Children', 'Comedy', 'Romance', 'Sci-Fi', 'Thriller'].",True,False,126,92,34,True,format_add_summary_prefix;abstention_to_supported_negative;remove_additional_negative_or_abstention_span
176411,weak_or_ambiguous,extra_forced_negative_or_duplicate_abstention_removed,Raw V2 filled an additional negative/other-viewer slot after the one licensed negative statement; the extra span was removed.,True,False,117,88,29,True,remove_additional_negative_or_abstention_span
176592,supported_negative,overbroad_negative_claim_narrowed_to_supported_genres,Raw V2 made a negative claim broader than the licensed genre evidence; the repair retained only ['Sci-Fi'].,True,False,102,67,35,True,grounding_narrow_or_neutralize;remove_additional_negative_or_abstention_span
177119,supported_negative,inappropriate_abstention_despite_supported_negative_genre,Raw V2 abstained even though deterministic repeated rating evidence supported the narrow negative genre set ['Thriller'].,True,False,113,63,50,True,abstention_to_supported_negative;remove_additional_negative_or_abstention_span
177470,weak_or_ambiguous,extra_forced_negative_or_duplicate_abstention_removed,Raw V2 filled an additional negative/other-viewer slot after the one licensed negative statement; the extra span was removed.,True,False,104,63,41,True,format_add_summary_prefix;remove_additional_negative_or_abstention_span
177612,weak_or_ambiguous,extra_forced_negative_or_duplicate_abstention_removed,Raw V2 filled an additional negative/other-viewer slot after the one licensed negative statement; the extra span was removed.,True,False,97,72,25,True,remove_additional_negative_or_abstention_span
177912,weak_or_ambiguous,extra_forced_negative_or_duplicate_abstention_removed,Raw V2 filled an additional negative/other-viewer slot after the one licensed negative statement; the extra span was removed.,True,False,121,90,31,True,remove_additional_negative_or_abstention_span
177930,weak_or_ambiguous,extra_forced_negative_or_duplicate_abstention_removed,Raw V2 filled an additional negative/other-viewer slot after the one licensed negative statement; the extra span was removed.,True,False,86,72,14,False,format_add_summary_prefix;remove_additional_negative_or_abstention_span
177957,supported_negative,overbroad_negative_claim_narrowed_to_supported_genres,"Raw V2 made a negative claim broader than the licensed genre evidence; the repair retained only ['Horror', 'Mystery'].",True,False,137,99,38,True,grounding_narrow_or_neutralize;remove_additional_negative_or_abstention_span
177989,weak_or_ambiguous,extra_forced_negative_or_duplicate_abstention_removed,Raw V2 filled an additional negative/other-viewer slot after the one licensed negative statement; the extra span was removed.,True,False,105,82,23,True,remove_additional_negative_or_abstention_span
178670,weak_or_ambiguous,unsupported_negative_claim_neutralized_no_supported_genre,Raw V2 asserted a negative preference although deterministic evidence was weak_or_ambiguous and supported no negative genre.,True,False,100,86,14,False,grounding_narrow_or_neutralize
178764,weak_or_ambiguous,extra_forced_negative_or_duplicate_abstention_removed,Raw V2 filled an additional negative/other-viewer slot after the one licensed negative statement; the extra span was removed.,True,False,104,67,37,True,format_malformed_abstention_leadin;remove_additional_negative_or_abstention_span
178893,weak_or_ambiguous,extra_forced_negative_or_duplicate_abstention_removed,Raw V2 filled an additional negative/other-viewer slot after the one licensed negative statement; the extra span was removed.,True,False,139,98,41,True,remove_additional_negative_or_abstention_span
179014,weak_or_ambiguous,extra_forced_negative_or_duplicate_abstention_removed,Raw V2 filled an additional negative/other-viewer slot after the one licensed negative statement; the extra span was removed.,True,False,135,108,27,True,remove_additional_negative_or_abstention_span
179602,supported_negative,inappropriate_abstention_despite_supported_negative_genre,Raw V2 abstained even though deterministic repeated rating evidence supported the narrow negative genre set ['Action'].,True,False,109,109,0,False,abstention_to_supported_negative
179724,weak_or_ambiguous,extra_forced_negative_or_duplicate_abstention_removed,Raw V2 filled an additional negative/other-viewer slot after the one licensed negative statement; the extra span was removed.,True,False,109,68,41,True,format_add_summary_prefix;remove_additional_negative_or_abstention_span
179727,supported_negative,overbroad_negative_claim_narrowed_to_supported_genres,Raw V2 made a negative claim broader than the licensed genre evidence; the repair retained only ['Action'].,True,False,114,82,32,True,grounding_narrow_or_neutralize;remove_additional_negative_or_abstention_span
179769,weak_or_ambiguous,unsupported_negative_claim_neutralized_no_supported_genre,Raw V2 asserted a negative preference although deterministic evidence was weak_or_ambiguous and supported no negative genre.,True,False,110,76,34,True,format_add_summary_prefix;grounding_narrow_or_neutralize
179898,weak_or_ambiguous,extra_forced_negative_or_duplicate_abstention_removed,Raw V2 filled an additional negative/other-viewer slot after the one licensed negative statement; the extra span was removed.,True,False,139,90,49,True,format_malformed_abstention_leadin;remove_additional_negative_or_abstention_span
179909,weak_or_ambiguous,extra_forced_negative_or_duplicate_abstention_removed,Raw V2 filled an additional negative/other-viewer slot after the one licensed negative statement; the extra span was removed.,True,False,121,83,38,True,format_add_summary_prefix;remove_additional_negative_or_abstention_span
179919,weak_or_ambiguous,extra_forced_negative_or_duplicate_abstention_removed,Raw V2 filled an additional negative/other-viewer slot after the one licensed negative statement; the extra span was removed.,True,False,105,81,24,True,remove_additional_negative_or_abstention_span
180046,weak_or_ambiguous,unsupported_negative_claim_neutralized_no_supported_genre,Raw V2 asserted a negative preference although deterministic evidence was weak_or_ambiguous and supported no negative genre.,True,False,128,79,49,True,format_add_summary_prefix;grounding_narrow_or_neutralize;remove_additional_negative_or_abstention_span
180413,weak_or_ambiguous,extra_forced_negative_or_duplicate_abstention_removed,Raw V2 filled an additional negative/other-viewer slot after the one licensed negative statement; the extra span was removed.,True,False,103,73,30,True,remove_additional_negative_or_abstention_span
180529,supported_negative,inappropriate_abstention_despite_supported_negative_genre,"Raw V2 abstained even though deterministic repeated rating evidence supported the narrow negative genre set ['Children', 'Fantasy', 'IMAX', 'Musical', 'Mystery'].",True,False,130,93,37,True,format_add_summary_prefix;abstention_to_supported_negative;remove_additional_negative_or_abstention_span
180639,weak_or_ambiguous,extra_forced_negative_or_duplicate_abstention_removed,Raw V2 filled an additional negative/other-viewer slot after the one licensed negative statement; the extra span was removed.,True,False,130,90,40,True,remove_additional_negative_or_abstention_span
181108,weak_or_ambiguous,unsupported_negative_claim_neutralized_no_supported_genre,Raw V2 asserted a negative preference although deterministic evidence was weak_or_ambiguous and supported no negative genre.,True,False,193,123,70,True,grounding_narrow_or_neutralize;remove_additional_negative_or_abstention_span
181128,weak_or_ambiguous,unsupported_negative_claim_neutralized_no_supported_genre,Raw V2 asserted a negative preference although deterministic evidence was weak_or_ambiguous and supported no negative genre.,True,False,132,92,40,True,grounding_narrow_or_neutralize;remove_additional_negative_or_abstention_span
181289,supported_negative,inappropriate_abstention_despite_supported_negative_genre,Raw V2 abstained even though deterministic repeated rating evidence supported the narrow negative genre set ['Animation'].,True,False,88,88,0,False,abstention_to_supported_negative
182272,weak_or_ambiguous,extra_forced_negative_or_duplicate_abstention_removed,Raw V2 filled an additional negative/other-viewer slot after the one licensed negative statement; the extra span was removed.,True,False,87,64,23,True,format_add_summary_prefix;remove_additional_negative_or_abstention_span
182822,weak_or_ambiguous,extra_forced_negative_or_duplicate_abstention_removed,Raw V2 filled an additional negative/other-viewer slot after the one licensed negative statement; the extra span was removed.,True,False,124,105,19,False,remove_additional_negative_or_abstention_span
182848,weak_or_ambiguous,extra_forced_negative_or_duplicate_abstention_removed,Raw V2 filled an additional negative/other-viewer slot after the one licensed negative statement; the extra span was removed.,True,False,126,104,22,False,remove_additional_negative_or_abstention_span
182905,weak_or_ambiguous,extra_forced_negative_or_duplicate_abstention_removed,Raw V2 filled an additional negative/other-viewer slot after the one licensed negative statement; the extra span was removed.,True,False,117,97,20,False,remove_additional_negative_or_abstention_span
182945,weak_or_ambiguous,extra_forced_negative_or_duplicate_abstention_removed,Raw V2 filled an additional negative/other-viewer slot after the one licensed negative statement; the extra span was removed.,True,False,122,80,42,True,remove_additional_negative_or_abstention_span
183162,weak_or_ambiguous,extra_forced_negative_or_duplicate_abstention_removed,Raw V2 filled an additional negative/other-viewer slot after the one licensed negative statement; the extra span was removed.,True,False,158,120,38,True,remove_additional_negative_or_abstention_span
183410,weak_or_ambiguous,extra_forced_negative_or_duplicate_abstention_removed,Raw V2 filled an additional negative/other-viewer slot after the one licensed negative statement; the extra span was removed.,True,False,130,83,47,True,remove_additional_negative_or_abstention_span
183443,weak_or_ambiguous,extra_forced_negative_or_duplicate_abstention_removed,Raw V2 filled an additional negative/other-viewer slot after the one licensed negative statement; the extra span was removed.,True,False,123,98,25,True,format_add_summary_prefix;remove_additional_negative_or_abstention_span
183583,weak_or_ambiguous,formatting_only,Only deterministic prefix/placeholder/grammar normalization was needed.,False,True,75,76,-1,False,format_add_summary_prefix
183768,supported_negative,overbroad_negative_claim_narrowed_to_supported_genres,"Raw V2 made a negative claim broader than the licensed genre evidence; the repair retained only ['Action', 'Fantasy'].",True,False,118,69,49,True,grounding_narrow_or_neutralize;remove_additional_negative_or_abstention_span;remove_additional_negative_or_abstention_span
183946,weak_or_ambiguous,unsupported_negative_claim_neutralized_no_supported_genre,Raw V2 asserted a negative preference although deterministic evidence was weak_or_ambiguous and supported no negative genre.,True,False,125,82,43,True,grounding_narrow_or_neutralize;remove_additional_negative_or_abstention_span
184219,weak_or_ambiguous,extra_forced_negative_or_duplicate_abstention_removed,Raw V2 filled an additional negative/other-viewer slot after the one licensed negative statement; the extra span was removed.,True,False,82,71,11,False,remove_additional_negative_or_abstention_span
184286,weak_or_ambiguous,extra_forced_negative_or_duplicate_abstention_removed,Raw V2 filled an additional negative/other-viewer slot after the one licensed negative statement; the extra span was removed.,True,False,119,94,25,True,remove_additional_negative_or_abstention_span
184325,weak_or_ambiguous,extra_forced_negative_or_duplicate_abstention_removed,Raw V2 filled an additional negative/other-viewer slot after the one licensed negative statement; the extra span was removed.,True,False,118,73,45,True,remove_additional_negative_or_abstention_span
184578,supported_negative,overbroad_negative_claim_narrowed_to_supported_genres,Raw V2 made a negative claim broader than the licensed genre evidence; the repair retained only ['Horror'].,True,False,83,54,29,True,format_add_summary_prefix;grounding_narrow_or_neutralize;remove_additional_negative_or_abstention_span
184606,weak_or_ambiguous,extra_forced_negative_or_duplicate_abstention_removed,Raw V2 filled an additional negative/other-viewer slot after the one licensed negative statement; the extra span was removed.,True,False,128,90,38,True,remove_additional_negative_or_abstention_span
184629,weak_or_ambiguous,extra_forced_negative_or_duplicate_abstention_removed,Raw V2 filled an additional negative/other-viewer slot after the one licensed negative statement; the extra span was removed.,True,False,114,76,38,True,remove_additional_negative_or_abstention_span
185616,weak_or_ambiguous,extra_forced_negative_or_duplicate_abstention_removed,Raw V2 filled an additional negative/other-viewer slot after the one licensed negative statement; the extra span was removed.,True,False,84,75,9,False,remove_additional_negative_or_abstention_span
185663,weak_or_ambiguous,extra_forced_negative_or_duplicate_abstention_removed,Raw V2 filled an additional negative/other-viewer slot after the one licensed negative statement; the extra span was removed.,True,False,96,58,38,True,format_add_summary_prefix;remove_additional_negative_or_abstention_span
185779,weak_or_ambiguous,formatting_only,Only deterministic prefix/placeholder/grammar normalization was needed.,False,True,92,93,-1,False,format_add_summary_prefix
185824,supported_negative,inappropriate_abstention_despite_supported_negative_genre,Raw V2 abstained even though deterministic repeated rating evidence supported the narrow negative genre set ['Horror'].,True,False,104,57,47,True,format_malformed_abstention_leadin;abstention_to_supported_negative;remove_additional_negative_or_abstention_span
185995,weak_or_ambiguous,extra_forced_negative_or_duplicate_abstention_removed,Raw V2 filled an additional negative/other-viewer slot after the one licensed negative statement; the extra span was removed.,True,False,123,83,40,True,remove_additional_negative_or_abstention_span
186229,weak_or_ambiguous,unsupported_negative_claim_neutralized_no_supported_genre,Raw V2 asserted a negative preference although deterministic evidence was weak_or_ambiguous and supported no negative genre.,True,False,130,90,40,True,grounding_narrow_or_neutralize;remove_additional_negative_or_abstention_span
186669,weak_or_ambiguous,unsupported_negative_claim_neutralized_no_supported_genre,Raw V2 asserted a negative preference although deterministic evidence was weak_or_ambiguous and supported no negative genre.,True,False,80,68,12,False,grounding_narrow_or_neutralize
187105,supported_negative,overbroad_negative_claim_narrowed_to_supported_genres,"Raw V2 made a negative claim broader than the licensed genre evidence; the repair retained only ['Adventure', 'IMAX'].",True,False,119,71,48,True,format_add_summary_prefix;grounding_narrow_or_neutralize;remove_additional_negative_or_abstention_span
187232,no_negative_evidence,extra_forced_negative_or_duplicate_abstention_removed,Raw V2 filled an additional negative/other-viewer slot after the one licensed negative statement; the extra span was removed.,True,False,116,91,25,True,format_add_summary_prefix;remove_additional_negative_or_abstention_span
187434,no_negative_evidence,extra_forced_negative_or_duplicate_abstention_removed,Raw V2 filled an additional negative/other-viewer slot after the one licensed negative statement; the extra span was removed.,True,False,118,80,38,True,remove_additional_negative_or_abstention_span
187477,weak_or_ambiguous,extra_forced_negative_or_duplicate_abstention_removed,Raw V2 filled an additional negative/other-viewer slot after the one licensed negative statement; the extra span was removed.,True,False,120,79,41,True,format_malformed_abstention_leadin;remove_additional_negative_or_abstention_span
187717,weak_or_ambiguous,extra_forced_negative_or_duplicate_abstention_removed,Raw V2 filled an additional negative/other-viewer slot after the one licensed negative statement; the extra span was removed.,True,False,119,74,45,True,remove_additional_negative_or_abstention_span
187803,weak_or_ambiguous,extra_forced_negative_or_duplicate_abstention_removed,Raw V2 filled an additional negative/other-viewer slot after the one licensed negative statement; the extra span was removed.,True,False,92,74,18,False,remove_additional_negative_or_abstention_span
187817,weak_or_ambiguous,unsupported_negative_claim_neutralized_no_supported_genre,Raw V2 asserted a negative preference although deterministic evidence was weak_or_ambiguous and supported no negative genre.,True,False,113,91,22,False,grounding_narrow_or_neutralize
187995,supported_negative,overbroad_negative_claim_narrowed_to_supported_genres,"Raw V2 made a negative claim broader than the licensed genre evidence; the repair retained only ['Children', 'Fantasy', 'Horror', 'Romance'].",True,False,94,73,21,True,grounding_narrow_or_neutralize;remove_additional_negative_or_abstention_span
188232,supported_negative,inappropriate_abstention_despite_supported_negative_genre,"Raw V2 abstained even though deterministic repeated rating evidence supported the narrow negative genre set ['Animation', 'Children', 'Drama', 'IMAX', 'Romance', 'War'].",True,False,139,104,35,True,abstention_to_supported_negative;remove_additional_negative_or_abstention_span
188450,no_negative_evidence,extra_forced_negative_or_duplicate_abstention_removed,Raw V2 filled an additional negative/other-viewer slot after the one licensed negative statement; the extra span was removed.,True,False,139,97,42,True,remove_additional_negative_or_abstention_span
188638,weak_or_ambiguous,unsupported_negative_claim_neutralized_no_supported_genre,Raw V2 asserted a negative preference although deterministic evidence was weak_or_ambiguous and supported no negative genre.,True,False,112,71,41,True,grounding_narrow_or_neutralize;remove_additional_negative_or_abstention_span
188667,weak_or_ambiguous,extra_forced_negative_or_duplicate_abstention_removed,Raw V2 filled an additional negative/other-viewer slot after the one licensed negative statement; the extra span was removed.,True,False,119,96,23,False,format_malformed_abstention_leadin;remove_additional_negative_or_abstention_span
188893,supported_negative,overbroad_negative_claim_narrowed_to_supported_genres,"Raw V2 made a negative claim broader than the licensed genre evidence; the repair retained only ['Children', 'Horror', 'Romance', 'Sci-Fi'].",True,False,119,87,32,True,grounding_narrow_or_neutralize;remove_additional_negative_or_abstention_span
188954,weak_or_ambiguous,extra_forced_negative_or_duplicate_abstention_removed,Raw V2 filled an additional negative/other-viewer slot after the one licensed negative statement; the extra span was removed.,True,False,89,72,17,False,remove_additional_negative_or_abstention_span
189081,no_negative_evidence,extra_forced_negative_or_duplicate_abstention_removed,Raw V2 filled an additional negative/other-viewer slot after the one licensed negative statement; the extra span was removed.,True,False,98,63,35,True,format_malformed_abstention_leadin;remove_additional_negative_or_abstention_span
189282,no_negative_evidence,extra_forced_negative_or_duplicate_abstention_removed,Raw V2 filled an additional negative/other-viewer slot after the one licensed negative statement; the extra span was removed.,True,False,106,79,27,True,format_add_summary_prefix;remove_additional_negative_or_abstention_span
189317,weak_or_ambiguous,extra_forced_negative_or_duplicate_abstention_removed,Raw V2 filled an additional negative/other-viewer slot after the one licensed negative statement; the extra span was removed.,True,False,124,85,39,True,format_add_summary_prefix;remove_additional_negative_or_abstention_span
189340,no_negative_evidence,unsupported_negative_claim_neutralized_no_supported_genre,Raw V2 asserted a negative preference although deterministic evidence was no_negative_evidence and supported no negative genre.,True,False,128,86,42,True,grounding_narrow_or_neutralize;remove_additional_negative_or_abstention_span
189773,no_negative_evidence,formatting_only,Only deterministic prefix/placeholder/grammar normalization was needed.,False,True,132,133,-1,False,format_add_summary_prefix
189841,weak_or_ambiguous,unsupported_negative_claim_neutralized_no_supported_genre,Raw V2 asserted a negative preference although deterministic evidence was weak_or_ambiguous and supported no negative genre.,True,False,117,77,40,True,format_add_summary_prefix;grounding_narrow_or_neutralize;remove_additional_negative_or_abstention_span
189979,supported_negative,inappropriate_abstention_despite_supported_negative_genre,"Raw V2 abstained even though deterministic repeated rating evidence supported the narrow negative genre set ['Action', 'Adventure', 'Comedy', 'Crime', 'Drama', 'Horror', 'Mystery', 'Romance', 'Sci-Fi', 'Thriller'].",True,False,71,85,-14,False,abstention_to_supported_negative
190565,weak_or_ambiguous,extra_forced_negative_or_duplicate_abstention_removed,Raw V2 filled an additional negative/other-viewer slot after the one licensed negative statement; the extra span was removed.,True,False,135,110,25,False,remove_additional_negative_or_abstention_span
190636,weak_or_ambiguous,extra_forced_negative_or_duplicate_abstention_removed,Raw V2 filled an additional negative/other-viewer slot after the one licensed negative statement; the extra span was removed.,True,False,123,79,44,True,format_add_summary_prefix;remove_additional_negative_or_abstention_span
190667,weak_or_ambiguous,unsupported_negative_claim_neutralized_no_supported_genre,Raw V2 asserted a negative preference although deterministic evidence was weak_or_ambiguous and supported no negative genre.,True,False,97,63,34,True,grounding_narrow_or_neutralize;remove_additional_negative_or_abstention_span
190708,supported_negative,inappropriate_abstention_despite_supported_negative_genre,"Raw V2 abstained even though deterministic repeated rating evidence supported the narrow negative genre set ['Comedy', 'Drama', 'Romance'].",True,False,131,100,31,True,abstention_to_supported_negative
190765,weak_or_ambiguous,extra_forced_negative_or_duplicate_abstention_removed,Raw V2 filled an additional negative/other-viewer slot after the one licensed negative statement; the extra span was removed.,True,False,127,89,38,True,remove_additional_negative_or_abstention_span
191137,weak_or_ambiguous,extra_forced_negative_or_duplicate_abstention_removed,Raw V2 filled an additional negative/other-viewer slot after the one licensed negative statement; the extra span was removed.,True,False,120,97,23,False,remove_additional_negative_or_abstention_span
191575,supported_negative,overbroad_negative_claim_narrowed_to_supported_genres,Raw V2 made a negative claim broader than the licensed genre evidence; the repair retained only ['Sci-Fi'].,True,False,116,80,36,True,format_add_summary_prefix;grounding_narrow_or_neutralize
191663,weak_or_ambiguous,extra_forced_negative_or_duplicate_abstention_removed,Raw V2 filled an additional negative/other-viewer slot after the one licensed negative statement; the extra span was removed.,True,False,105,89,16,False,remove_additional_negative_or_abstention_span
192400,supported_negative,inappropriate_abstention_despite_supported_negative_genre,Raw V2 abstained even though deterministic repeated rating evidence supported the narrow negative genre set ['IMAX'].,True,False,133,91,42,True,abstention_to_supported_negative;remove_additional_negative_or_abstention_span
192860,weak_or_ambiguous,extra_forced_negative_or_duplicate_abstention_removed,Raw V2 filled an additional negative/other-viewer slot after the one licensed negative statement; the extra span was removed.,True,False,125,89,36,True,remove_additional_negative_or_abstention_span
192979,weak_or_ambiguous,extra_forced_negative_or_duplicate_abstention_removed,Raw V2 filled an additional negative/other-viewer slot after the one licensed negative statement; the extra span was removed.,True,False,115,77,38,True,remove_additional_negative_or_abstention_span
193123,weak_or_ambiguous,unsupported_negative_claim_neutralized_no_supported_genre,Raw V2 asserted a negative preference although deterministic evidence was weak_or_ambiguous and supported no negative genre.,True,False,144,113,31,True,format_add_summary_prefix;grounding_narrow_or_neutralize
193177,weak_or_ambiguous,extra_forced_negative_or_duplicate_abstention_removed,Raw V2 filled an additional negative/other-viewer slot after the one licensed negative statement; the extra span was removed.,True,False,117,69,48,True,format_add_summary_prefix;remove_additional_negative_or_abstention_span
193501,weak_or_ambiguous,extra_forced_negative_or_duplicate_abstention_removed,Raw V2 filled an additional negative/other-viewer slot after the one licensed negative statement; the extra span was removed.,True,False,99,72,27,True,remove_additional_negative_or_abstention_span
193616,supported_negative,inappropriate_abstention_despite_supported_negative_genre,Raw V2 abstained even though deterministic repeated rating evidence supported the narrow negative genre set ['Action'].,True,False,111,64,47,True,format_add_summary_prefix;abstention_to_supported_negative;remove_additional_negative_or_abstention_span
193723,weak_or_ambiguous,extra_forced_negative_or_duplicate_abstention_removed,Raw V2 filled an additional negative/other-viewer slot after the one licensed negative statement; the extra span was removed.,True,False,115,69,46,True,format_add_summary_prefix;remove_additional_negative_or_abstention_span
193767,weak_or_ambiguous,extra_forced_negative_or_duplicate_abstention_removed,Raw V2 filled an additional negative/other-viewer slot after the one licensed negative statement; the extra span was removed.,True,False,150,117,33,True,remove_additional_negative_or_abstention_span
193834,supported_negative,overbroad_negative_claim_narrowed_to_supported_genres,Raw V2 made a negative claim broader than the licensed genre evidence; the repair retained only ['Action'].,True,False,128,73,55,True,grounding_narrow_or_neutralize;remove_additional_negative_or_abstention_span
193835,weak_or_ambiguous,unsupported_negative_claim_neutralized_no_supported_genre,Raw V2 asserted a negative preference although deterministic evidence was weak_or_ambiguous and supported no negative genre.,True,False,104,60,44,True,grounding_narrow_or_neutralize;remove_additional_negative_or_abstention_span
193890,supported_negative,inappropriate_abstention_despite_supported_negative_genre,"Raw V2 abstained even though deterministic repeated rating evidence supported the narrow negative genre set ['Children', 'Comedy', 'Fantasy', 'Romance'].",True,False,132,86,46,True,abstention_to_supported_negative;remove_additional_negative_or_abstention_span
193951,supported_negative,overbroad_negative_claim_narrowed_to_supported_genres,"Raw V2 made a negative claim broader than the licensed genre evidence; the repair retained only ['Action', 'Adventure', 'Comedy', 'Crime', 'Fantasy', 'Romance', 'Sci-Fi', 'Thriller'].",True,False,86,75,11,False,grounding_narrow_or_neutralize;remove_additional_negative_or_abstention_span
194529,supported_negative,overbroad_negative_claim_narrowed_to_supported_genres,Raw V2 made a negative claim broader than the licensed genre evidence; the repair retained only ['Mystery'].,True,False,125,71,54,True,grounding_narrow_or_neutralize;remove_additional_negative_or_abstention_span
194707,no_negative_evidence,unsupported_negative_claim_neutralized_no_supported_genre,Raw V2 asserted a negative preference although deterministic evidence was no_negative_evidence and supported no negative genre.,True,False,113,78,35,True,grounding_narrow_or_neutralize;remove_additional_negative_or_abstention_span
195608,weak_or_ambiguous,extra_forced_negative_or_duplicate_abstention_removed,Raw V2 filled an additional negative/other-viewer slot after the one licensed negative statement; the extra span was removed.,True,False,189,139,50,True,format_malformed_abstention_leadin;remove_additional_negative_or_abstention_span
195940,supported_negative,inappropriate_abstention_despite_supported_negative_genre,Raw V2 abstained even though deterministic repeated rating evidence supported the narrow negative genre set ['Sci-Fi'].,True,False,110,110,0,False,format_add_summary_prefix;abstention_to_supported_negative
195999,no_negative_evidence,extra_forced_negative_or_duplicate_abstention_removed,Raw V2 filled an additional negative/other-viewer slot after the one licensed negative statement; the extra span was removed.,True,False,114,79,35,True,format_malformed_abstention_leadin;remove_additional_negative_or_abstention_span
196042,no_negative_evidence,unsupported_negative_claim_neutralized_no_supported_genre,Raw V2 asserted a negative preference although deterministic evidence was no_negative_evidence and supported no negative genre.,True,False,93,79,14,False,grounding_narrow_or_neutralize
196102,supported_negative,overbroad_negative_claim_narrowed_to_supported_genres,"Raw V2 made a negative claim broader than the licensed genre evidence; the repair retained only ['Crime', 'Horror', 'Thriller'].",True,False,103,70,33,True,grounding_narrow_or_neutralize;remove_additional_negative_or_abstention_span
196395,weak_or_ambiguous,unsupported_negative_claim_neutralized_no_supported_genre,Raw V2 asserted a negative preference although deterministic evidence was weak_or_ambiguous and supported no negative genre.,True,False,119,87,32,True,grounding_narrow_or_neutralize;remove_additional_negative_or_abstention_span
196616,supported_negative,overbroad_negative_claim_narrowed_to_supported_genres,"Raw V2 made a negative claim broader than the licensed genre evidence; the repair retained only ['Animation', 'Fantasy', 'Romance', 'Sci-Fi'].",True,False,114,75,39,True,grounding_narrow_or_neutralize;remove_additional_negative_or_abstention_span
197077,weak_or_ambiguous,extra_forced_negative_or_duplicate_abstention_removed,Raw V2 filled an additional negative/other-viewer slot after the one licensed negative statement; the extra span was removed.,True,False,108,98,10,False,format_add_summary_prefix;remove_additional_negative_or_abstention_span
197127,weak_or_ambiguous,unsupported_negative_claim_neutralized_no_supported_genre,Raw V2 asserted a negative preference although deterministic evidence was weak_or_ambiguous and supported no negative genre.,True,False,176,138,38,True,grounding_narrow_or_neutralize;remove_additional_negative_or_abstention_span
197444,weak_or_ambiguous,unsupported_negative_claim_neutralized_no_supported_genre,Raw V2 asserted a negative preference although deterministic evidence was weak_or_ambiguous and supported no negative genre.,True,False,143,89,54,True,grounding_narrow_or_neutralize;remove_additional_negative_or_abstention_span
197643,supported_negative,inappropriate_abstention_despite_supported_negative_genre,Raw V2 abstained even though deterministic repeated rating evidence supported the narrow negative genre set ['Sci-Fi'].,True,False,91,91,0,False,abstention_to_supported_negative
197973,weak_or_ambiguous,extra_forced_negative_or_duplicate_abstention_removed,Raw V2 filled an additional negative/other-viewer slot after the one licensed negative statement; the extra span was removed.,True,False,112,71,41,True,format_add_summary_prefix;remove_additional_negative_or_abstention_span
198202,weak_or_ambiguous,extra_forced_negative_or_duplicate_abstention_removed,Raw V2 filled an additional negative/other-viewer slot after the one licensed negative statement; the extra span was removed.,True,False,124,98,26,True,remove_additional_negative_or_abstention_span
198368,weak_or_ambiguous,extra_forced_negative_or_duplicate_abstention_removed,Raw V2 filled an additional negative/other-viewer slot after the one licensed negative statement; the extra span was removed.,True,False,119,82,37,True,remove_additional_negative_or_abstention_span
198593,no_negative_evidence,extra_forced_negative_or_duplicate_abstention_removed,Raw V2 filled an additional negative/other-viewer slot after the one licensed negative statement; the extra span was removed.,True,False,127,105,22,False,remove_additional_negative_or_abstention_span
198747,weak_or_ambiguous,extra_forced_negative_or_duplicate_abstention_removed,Raw V2 filled an additional negative/other-viewer slot after the one licensed negative statement; the extra span was removed.,True,False,112,68,44,True,format_add_summary_prefix;remove_additional_negative_or_abstention_span
199177,weak_or_ambiguous,extra_forced_negative_or_duplicate_abstention_removed,Raw V2 filled an additional negative/other-viewer slot after the one licensed negative statement; the extra span was removed.,True,False,99,68,31,True,format_add_summary_prefix;remove_additional_negative_or_abstention_span
199226,supported_negative,overbroad_negative_claim_narrowed_to_supported_genres,"Raw V2 made a negative claim broader than the licensed genre evidence; the repair retained only ['Action', 'Comedy', 'Romance'].",True,False,91,71,20,True,grounding_narrow_or_neutralize;remove_additional_negative_or_abstention_span
199739,weak_or_ambiguous,extra_forced_negative_or_duplicate_abstention_removed,Raw V2 filled an additional negative/other-viewer slot after the one licensed negative statement; the extra span was removed.,True,False,98,88,10,False,format_add_summary_prefix;remove_additional_negative_or_abstention_span
200010,weak_or_ambiguous,formatting_only,Only deterministic prefix/placeholder/grammar normalization was needed.,False,True,81,82,-1,False,format_add_summary_prefix
200231,no_negative_evidence,extra_forced_negative_or_duplicate_abstention_removed,Raw V2 filled an additional negative/other-viewer slot after the one licensed negative statement; the extra span was removed.,True,False,96,71,25,True,format_add_summary_prefix;remove_additional_negative_or_abstention_span
200246,weak_or_ambiguous,extra_forced_negative_or_duplicate_abstention_removed,Raw V2 filled an additional negative/other-viewer slot after the one licensed negative statement; the extra span was removed.,True,False,133,92,41,True,remove_additional_negative_or_abstention_span
200834,supported_negative,inappropriate_abstention_despite_supported_negative_genre,"Raw V2 abstained even though deterministic repeated rating evidence supported the narrow negative genre set ['Animation', 'Children'].",True,False,111,74,37,True,format_add_summary_prefix;abstention_to_supported_negative;remove_additional_negative_or_abstention_span
200898,weak_or_ambiguous,extra_forced_negative_or_duplicate_abstention_removed,Raw V2 filled an additional negative/other-viewer slot after the one licensed negative statement; the extra span was removed.,True,False,88,64,24,True,remove_additional_negative_or_abstention_span
